"label","id","rel_pos","TCGA.OR.A5J1","TCGA.OR.A5J2","TCGA.OR.A5J3","TCGA.OR.A5J5","TCGA.OR.A5J6","TCGA.OR.A5J7","TCGA.OR.A5J8","TCGA.OR.A5J9","TCGA.OR.A5JA","TCGA.OR.A5JB","TCGA.OR.A5JC","TCGA.OR.A5JD","TCGA.OR.A5JE","TCGA.OR.A5JF","TCGA.OR.A5JG","TCGA.OR.A5JI","TCGA.OR.A5JJ","TCGA.OR.A5JK","TCGA.OR.A5JL","TCGA.OR.A5JM","TCGA.OR.A5JO","TCGA.OR.A5JP","TCGA.OR.A5JQ","TCGA.OR.A5JR","TCGA.OR.A5JS","TCGA.OR.A5JT","TCGA.OR.A5JV","TCGA.OR.A5JW","TCGA.OR.A5JX","TCGA.OR.A5JY","TCGA.OR.A5JZ","TCGA.OR.A5K0","TCGA.OR.A5K1","TCGA.OR.A5K2","TCGA.OR.A5K3","TCGA.OR.A5K4","TCGA.OR.A5K5","TCGA.OR.A5K6","TCGA.OR.A5K8","TCGA.OR.A5K9","TCGA.OR.A5KO","TCGA.OR.A5KT","TCGA.OR.A5KU","TCGA.OR.A5KV","TCGA.OR.A5KW","TCGA.OR.A5KX","TCGA.OR.A5KY","TCGA.OR.A5KZ","TCGA.OR.A5L3","TCGA.OR.A5L4","TCGA.OR.A5L5","TCGA.OR.A5L6","TCGA.OR.A5L8","TCGA.OR.A5L9","TCGA.OR.A5LA","TCGA.OR.A5LB","TCGA.OR.A5LC","TCGA.OR.A5LD","TCGA.OR.A5LE","TCGA.OR.A5LG","TCGA.OR.A5LH","TCGA.OR.A5LJ","TCGA.OR.A5LK","TCGA.OR.A5LL","TCGA.OR.A5LM","TCGA.OR.A5LN","TCGA.OR.A5LO","TCGA.OR.A5LP","TCGA.OR.A5LR","TCGA.OR.A5LS","TCGA.OR.A5LT","TCGA.OU.A5PI","TCGA.P6.A5OF","TCGA.P6.A5OG","TCGA.PA.A5YG","TCGA.PK.A5H8","TCGA.PK.A5H9","TCGA.PK.A5HA","TCGA.PK.A5HB"
"ABCC2","9606.ENSP00000359478",27.96,2.2758,2.4407,4.2307,7.395,3.23,5.0999,5.2276,3.025,2.0605,3.1732,7.6492,4.6595,2.1354,5.206,3.2628,5.1002,3.102,3.7229,4.4061,4.1193,6.2178,3.5825,2.3165,2.7298,3.6824,2.1098,3.5733,6.3911,6.0271,7.4603,3.4693,1.3705,1.4094,0,2.6263,5.2471,1.721,2.1807,4.7615,3.9553,4.5251,1.5493,5.1451,1.109,2.9031,3.1124,2.4402,1.7758,2.9442,1.2742,3.9769,8.2019,3.4563,2.6727,0,3.9057,4.1112,1.2369,3.067,2.4725,3.2926,4.8423,4.296,4.9776,3.5614,5.6642,4.5301,4.0762,2.59,5.4492,5.6034,3.8189,4.9412,3.5652,3.2206,3.9417,9.3374,4.2624,6.0169
"ANKRD28","9606.ENSP00000382379",0.64,9.1045,10.6774,9.7213,9.0997,9.7677,9.955,9.5393,8.9413,8.8808,8.9902,8.7345,9.9019,9.1317,9.2089,8.7093,9.4269,9.0358,8.5111,9.4121,10.148,9.3692,9.1238,9.9691,9.8481,9.9873,9.3381,9.6819,9.6604,8.9272,10.2747,9.575,10.6413,8.5066,9.234,8.978,8.9983,8.9305,9.6477,8.6443,9.0571,8.9151,9.5811,8.7634,8.4449,8.8988,9.7206,8.6112,9.1884,9.4296,9.0978,8.8853,8.8998,9.6422,8.8221,8.8585,9.172,8.6114,8.3812,9.7952,9.1086,9.518,10.64,9.9251,9.8014,8.6725,9.3148,9.4476,9.3957,8.9159,9.7059,9.2341,9.2618,8.8422,10.7326,9.4796,8.7423,9.4922,9.6445,9.0029
"AP1G2","9606.ENSP00000312442",23.93,11.1578,9.1526,7.2837,11.7977,9.442,10.0003,7.9488,11.5553,10.2157,9.1822,9.3021,9.775,9.3937,9.0494,7.0499,9.247,10.3229,9.9889,9.5802,10.666,9.4562,9.3263,9.1351,9.6086,9.6222,10.3134,9.6661,6.2867,10.9643,9.8511,9.5682,9.6009,8.968,10.243,8.0436,9.2887,10.083,10.3979,7.9527,10.3173,10.6046,9.6559,9.1903,9.7363,9.3122,12.0261,9.3514,10.0533,9.9301,7.7835,9.786,11.008,9.6091,10.5163,10.178,7.2925,10.4683,9.4244,10.1786,9.8019,9.8134,10.1606,9.7309,6.6839,9.6075,9.9739,7.3458,8.7684,9.4409,9.1143,8.9182,7.9123,11.2946,10.2105,9.252,10.8301,9.6881,10.2091,6.2803
"ARL5B","9606.ENSP00000366487",66.12,6.9312,8.7967,6.6085,7.241,5.306,9.2333,5.4074,8.5336,7.3834,6.863,7.1194,6.5428,6.4518,7.0263,7.3323,6.6436,5.7929,7.5537,6.6792,8.9065,5.9669,8.4445,6.0068,6.7365,8.1001,6.47,7.3395,7.939,7.7132,7.3217,7.3297,6.0213,5.7768,7.8285,6.8757,6.332,6.9766,6.0136,6.7211,8.7766,8.5122,5.233,5.7962,6.3775,7.2084,5.7818,7.6645,8.5782,6.2223,7.0775,5.6794,6.313,7.4312,5.4598,5.8304,7.8421,7.403,7.9928,6.1645,6.4654,5.8338,7.5175,6.4779,8.2407,6.7926,5.562,8.8542,7.2538,6.238,9.2547,6.308,7.6762,8.3313,7.5058,7.232,6.903,7.3633,6.3485,8.9348
"ARSG","9606.ENSP00000407193",60.87,3.34,7.2478,5.649,5.3942,7.0541,5.1166,4.9073,6.3915,4.9354,6.5836,6.7187,9.3808,4.8437,5.813,3.9043,7.183,6.7621,6.0574,6.411,3.2,6.6871,4.0331,6.7455,7.2673,3.1921,7.1175,7.9307,6.1977,6.9645,7.3217,6.6007,5.4876,3.9915,7.7144,7.9622,7.2074,4.1696,4.335,4.8367,4.752,7.3206,5.1956,4.2434,6.3505,3.1859,6.1839,4.6126,4.4334,4.3984,8.0948,7.1208,5.331,7.2838,5.4598,4.9204,6.2841,3.2956,2.6842,3.7334,4.9556,7.4446,6.5795,6.84,4.9218,5.7663,6.3357,8.7946,7.6359,7.3294,7.7029,8.637,5.9935,7.7185,6.3042,6.5885,7.7456,6.7284,8.2091,4.821
"ATP1B2","9606.ENSP00000250111",85.77,9.4178,9.9645,5.2378,11.3953,6.3284,6.5432,7.6373,8.9151,6.9249,5.0863,6.3871,9.1553,6.8487,8.313,3.9043,8.3677,10.0184,8.6789,6.395,7.3907,6.4404,6.7393,7.8122,6.9433,8.4537,9.8568,4.9595,4.9466,10.0107,6.9191,5.1398,7.6981,10.8917,6.3909,6.1203,5.9162,9.4571,8.7686,5.6538,7.6798,5.5808,7.0446,6.4911,12.5603,4.9654,6.2579,8.3719,8.919,9.3966,7.4495,8.2381,7.5395,10.2145,8.9993,10.361,7.4922,10.2261,10.8984,7.1419,10.4268,7.0996,7.4443,6.1394,7.1083,7.2277,7.7781,7.76,6.7084,9.0102,9.0169,5.1983,10.4035,8.1385,7.2131,8.1979,5.7739,7.7239,6.2157,7.4381
"BARHL2","9606.ENSP00000359474",34.44,0.5659,0,0,1.35,0,0,0,0.7485,0,0,0.7103,0,0,0,0,0,0,0,0,0.517,0,0.5253,0,0,0,0,0,0,0,0,0,0,0,0.8982,0,2.2992,0,0,0,0,0,0,0,2.3902,0,0,0,0,0,0,0,0,0,0,0,1.2623,0,0,0,0,0.9458,0,0,0,0.6783,0,0.5661,0,0,0,0,1.4385,0,0,0,0,0,0,0.4865
"BEST4","9606.ENSP00000361281",15.8,4.5591,2.5439,5.941,3.1286,4.1957,3.4631,1.9638,5.0574,5.7928,2.5611,2.7496,2.2144,5.4403,3.5622,5.0316,2.2328,3.1751,2.6643,3.0903,4.41,3.4929,4.2484,1.921,0.5553,3.2493,0.9616,0.6033,2.4297,5.0348,5.5447,0,3.7177,1.4094,6.5187,2.6263,3.0502,4.3099,4.7412,1.2936,3.9956,4.9754,5.3398,3.7769,3.1232,2.795,4.5525,6.2613,3.2456,6.3061,0,1.3997,2.2444,2.0677,2.6727,0,3.0807,3.8648,2.3422,4.8724,1.7115,3.851,2.5931,0,5.0314,2.2023,3.3574,4.3717,0.9119,2.1201,3.7944,2.964,1.4385,3.3212,3.5114,0.5482,4.7673,1.7835,1.4081,0.8495
"C9orf117","9606.ENSP00000362392",35.45,1.2874,2.0776,2.3639,4.5523,3.7922,4.8816,2.5785,2.4382,5.2874,1.4763,1.5402,2.3917,3.0623,3.6971,3.5544,1.511,4.3978,2.2672,5.3386,3.2661,1.0564,3.2241,2.0652,4.2713,2.8658,4.8076,5.4961,3.6834,2.47,3.7591,4.4478,3.0703,3.9915,3.7107,6.725,7.915,3.0617,2.4707,4.0845,2.9253,5.0178,3.2736,1.319,2.4926,2.6781,3.8936,3.5392,1.7758,2.7182,3.3535,3.4371,3.816,2.0677,7.0227,3.6479,2.2418,3.796,4.8823,4.0867,1.7115,4.8239,3.4012,2.1342,0.6764,3.0363,1.1084,1.9572,1.8658,5.2727,3.3905,2.3928,2.3193,3.2036,2.0123,0.9446,5.2423,2.5571,1.4081,3.9481
"CAMK2G","9606.ENSP00000319060",17.86,9.9603,10.0993,9.1117,9.4884,8.2944,9.6169,9.3806,9.0322,9.0558,8.8369,8.9428,9.7281,8.4993,9.3186,8.5592,8.6461,8.3579,8.9387,9.1571,9.1003,8.6321,9.1541,8.9882,8.7517,8.7721,8.6332,8.9045,9.4155,8.8216,9.3471,8.6985,8.6421,8.3248,9.5152,8.0703,8.617,8.9386,8.8514,8.9582,8.404,8.2839,8.9961,8.3854,9.071,9.0327,8.6649,9.3649,8.4315,8.8962,8.5419,8.6007,8.358,9.3395,8.0172,8.0665,10.0388,8.919,7.0658,8.6621,8.1728,8.9929,10.0514,8.5067,9.2283,8.7769,8.8086,9.8208,8.8422,8.5052,10.2487,9.5062,9.9432,9.5491,9.7857,8.9746,8.6124,8.5617,9.1121,9.7174
"CARD11","9606.ENSP00000380150",41.32,5.8134,3.9907,3.8706,6.6348,5.3659,4.1576,5.9523,3.6892,4.9844,7.2694,5.1175,7.0779,10.2296,5.221,5.6719,6.7215,4.7957,7.5595,6.6045,2.0062,7.1975,4.2813,6.9026,6.41,3.458,3.9715,8.4572,6.145,6.2647,3.806,4.8349,2.0605,5.0209,6.5323,5.9191,3.4705,7.9253,6.4894,4.8367,4.5501,3.558,6.3562,2.6399,5.4275,4.7793,4.4299,6.5336,2.6903,5.5812,4.8412,6.2652,5.7867,4.0147,6.1476,6.3531,3.9057,4.589,3.9933,8.8961,5.9214,5.6195,9.7688,8.2658,2.5324,5.3227,7.9565,2.4127,6.7326,5.3925,4.8471,4.6814,5.9806,5.3398,6.7673,8.1979,6.9475,4.4781,6.8048,5.9247
"CCDC28A","9606.ENSP00000479060",89.25,10.3819,9.0145,8.7815,8.663,10.3589,8.4461,9.596,9.8142,9.5083,8.6527,9.429,10.1455,9.2369,9.5891,9.4112,10.1225,8.9948,9.46,10.1373,8.8211,9.644,8.5632,10.2457,9.3059,9.6764,9.4576,9.5749,9.6745,9.2558,8.8581,9.2308,9.9042,8.8474,7.8875,9.2225,8.9517,9.0553,10.5081,10.2128,8.8347,9.3202,8.988,9.2967,9.5506,9.2721,9.8277,9.2149,9.5262,10.0667,9.2784,9.5825,9.1717,9.3824,8.7338,9.6463,9.1461,8.7314,8.8098,9.3178,9.6585,9.3021,9.2494,10.2582,9.7044,9.7229,10.2939,9.6817,9.2582,9.2669,8.6072,9.5945,9.5323,9.5109,8.2984,9.5055,9.1342,8.8017,9.7746,9.2745
"CDKL3","9606.ENSP00000265334",97.88,5.0936,5.5312,6.5569,6.0799,6.8802,6.1948,4.7635,5.5544,6.7337,5.1246,6.1135,6.3012,6.6998,6.9868,7.3009,5.9572,7.1298,6.7752,7.118,5.2838,5.81,5.4629,6.1282,6.5862,5.3057,6.5689,6.7536,6.8144,6.5317,6.2926,6.2867,6.5734,6.1757,5.7236,5.5748,7.2481,6.3146,6.9053,6.7215,6.2649,6.3633,6.41,7.2,6.1871,6.972,5.5064,6.2901,6.3779,6.039,5.3796,6.3849,6.7741,5.6281,5.7751,6.7117,6.5755,5.7885,5.3822,5.8164,4.9127,7.2093,6.3176,4.1672,7.3052,6.1704,6.5468,6.5413,5.9191,7.2465,7.6525,6.2946,6.699,6.7669,5.7082,5.8579,6.384,4.86,6.3616,6.7044
"CHM","9606.ENSP00000350386",57.92,7.2139,10.1056,9.4503,8.6876,7.908,8.8775,8.5611,8.5296,9.7709,8.1875,8.6841,9.445,7.7161,9.2877,8.9112,9.035,9.0371,8.8461,9.8854,9.6079,8.5389,7.3647,9.6604,10.3207,10.0268,10.7252,10.6407,9.5474,8.467,9.739,10.2019,10.673,9.7026,8.4722,9.3904,10.9013,8.8321,9.6413,9.1287,8.7867,10.4687,9.0986,10.1255,8.6651,9.6108,8.821,8.268,8.7866,9.1694,9.5859,9.5545,8.9332,10.0774,8.518,9.0899,9.5332,8.6509,7.109,8.8038,9.2217,9.7622,8.9537,8.6352,9.4579,9.2478,8.6138,10.5107,11.1801,9.6502,10.0108,9.3056,10.1441,10.4956,8.7688,11.3653,8.9146,9.2988,9.4849,9.7215
"CNKSR1","9606.ENSP00000363371",20.47,1.5466,2.0776,2.1875,2.6831,1.4204,0,3.6076,1.757,4.0752,8.9902,1.1842,1.1464,1.9366,0.471,1.8825,0.9449,3.4352,3.109,1.2687,0.517,2.4112,0,2.1964,1.2681,0,0,0.6033,1.4622,1.8458,3.1797,0.7413,1.865,0,0.8982,1.1977,1.0844,0,1.5942,0,0.5259,3.558,2.953,0.8053,2.2799,2.6781,1.542,1.4704,2.3902,1.6925,0,1.6711,1.5206,0,0,0.9163,0,1.8929,4.3216,3.5934,1.7115,0,3.1786,3.2441,1.1351,0,0,2.1256,0.9119,2.1201,0.7464,0,1.4385,1.9021,5.8086,0.9446,0.7001,1.7835,1.6804,2.7254
"CSRP2","9606.ENSP00000310901",90.51,9.3008,11.8057,7.5967,8.8919,5.8441,6.8191,9.3698,10.3154,7.7199,8.1652,8.8018,9.5113,7.8459,8.5425,6.917,8.3596,9.6426,8.4807,6.2332,10.4122,7.4677,7.8165,7.3025,7.3148,7.5447,5.5089,7.1308,6.1891,8.1052,7.3298,4.4478,3.1584,6.4173,6.5323,7.012,6.2809,10.358,6.8081,6.9415,8.0298,7.1165,8.8681,8.5498,7.5784,6.2594,6.4197,8.7182,10.4622,6.8152,7.3526,9.8259,7.8037,10.9453,6.6886,7.7352,8.2394,7.9735,10.9117,8.6924,6.4875,7.4674,9.0985,9.7741,4.893,8.9374,8.3378,8.3879,7.3965,7.4448,8.6221,10.6806,8.1631,6.1813,10.298,9.7271,5.7573,5.609,6.1722,5.8464
"CUL4B","9606.ENSP00000384109",10.74,10.8066,10.6218,11.6619,10.9194,9.9524,10.3352,10.5471,10.5689,11.0927,10.2737,10.9522,10.4988,9.8703,10.9653,10.8045,11.1545,10.9958,10.4377,11.5064,9.8676,11.0613,9.4306,10.9976,11.3469,10.5358,11.2735,11.4968,10.6693,10.879,10.6513,11.4612,10.6594,11.2442,9.9284,11.3145,11.8801,10.6738,10.6276,10.6138,10.3157,10.9385,10.5461,11.3112,10.4188,11.0462,10.6921,10.4063,11.1028,10.5004,11.4362,11.1958,10.5436,10.3661,11.0457,10.8191,10.874,10.3565,11.1866,10.8363,10.463,11.6372,11.0041,11.6017,11.0138,11.1166,10.5765,11.7422,11.2814,11.3115,11.2998,10.9542,10.8095,11.0722,10.3118,11.282,11.3408,10.7863,11.5166,11.1475
"CXCL16","9606.ENSP00000293778",31.11,9.6198,8.3123,9.7254,9.9795,8.6699,8.6743,11.4103,9.0038,9.3184,9.6865,8.6996,9.6176,9.1999,8.3747,8.3517,10.222,9.2198,9.5092,8.4457,7.6937,11.1097,8.4662,9.3165,9.2222,6.6672,7.746,11.2999,8.7249,9.3762,8.7225,8.6583,9.722,7.9187,9.0034,9.3595,7.679,8.4326,9.3491,8.135,8.8663,7.067,9.0704,7.8809,9.4776,7.5028,8.7776,8.8036,8.5575,7.8512,8.4424,9.3157,8.8004,7.8129,9.5054,9.3035,8.6171,9.0922,9.4812,6.7551,8.5613,8.3594,8.7188,10.7206,7.7612,8.5918,9.8182,8.6894,9.7334,8.2712,7.904,10.0154,8.3051,9.0755,9.6958,9.9122,9.1954,8.9818,9.8228,8.7321
"CYTL1","9606.ENSP00000303550",10.55,5.4028,1.5913,2.1875,2.4976,2.946,3.4097,5.1456,3.4409,0.6121,0.5317,2.6062,5.5205,3.9732,3.8973,4.0518,7.1738,0.9203,3.109,3.2413,0,3.0974,4.2484,4.705,4.9994,2.2325,4.2117,7.8388,3.9927,2.2903,0.9227,2.8167,1.0406,4.9454,4.6545,2.2872,1.4227,0.9401,4.335,4.5091,1.2137,2.2476,7.5831,0.8053,1.7285,1.0567,5.4601,4.2924,3.2456,1.0814,4.8765,4.4432,4.8598,0,2.6727,6.4732,1.5185,3.796,2.9606,0,3.6294,3.4229,3.0086,6.9821,1.1351,3.7012,6.2062,0.5661,4.5533,4.3981,2.3408,3.7819,2.9711,3.2036,5.6925,6.8246,4.8,1.7835,6.9598,3.6585
"DNAH7","9606.ENSP00000311273",22.25,4.6991,2.3295,3.4689,4.2339,3.047,2.8108,2.6753,4.2494,4.7775,3.4333,5.6974,5.8285,1.0917,6.1786,4.559,4.4163,7.3406,4.3807,3.1678,1.4458,3.8578,3.2241,5.6771,5.7811,2.4435,5.0944,6.6832,3.6333,2.9042,3.6083,5.5446,2.3863,4.5961,4.7031,5.7901,5.2471,1.9092,3.0996,5.9532,1.6775,4.3033,1.5493,5.4952,2.5882,4.8886,5.7942,3.6953,4.2617,2.7182,2.7387,4.8507,5.2624,3.1013,6.1476,4.2952,3.5514,1.2369,3.392,1.5085,3.6294,5.1961,2.3298,3.8639,6.0488,4.6096,4.7243,3.1191,5.232,5.5554,4.1651,7.2911,4.2663,5.9992,3.3973,7.4072,5.5227,3.8339,4.6897,3.612
"EMR3","9606.ENSP00000253673",91.92,0.5659,0.4881,0,0.8275,0,0,0.5002,0.7485,0,0.5317,0,0.6842,0,0,0,0,0,0.8179,0.9558,0,0.6228,0,0.4835,0,0,0,6.3483,0,0,0,4.8005,0.6121,7.4572,0,3.1313,0.6418,0,0,0,0,0,1.5493,0.8053,0,0,0,0,0,0,0.7734,1.0651,0,0,0,0,0,0,0,0,0,0.549,0,2.1342,0,0.6783,1.7277,0,0,0,0,0,0,0,2.4154,0,3.0867,0.4318,0,0
"EPM2AIP1","9606.ENSP00000406027",56.39,11.3119,10.1198,10.4203,10.8557,9.6888,10.3266,8.9021,10.8898,10.1251,8.6188,10.5038,10.3572,10.0695,9.9607,9.837,11.0769,9.9839,10.0547,9.6534,10.0089,9.7078,10.1197,10.2603,10.1853,10.627,9.8073,10.4461,9.9223,10.5544,9.5048,8.7422,10.727,9.6663,10.7262,9.9858,9.7157,9.2787,10.343,10.133,9.5799,10.4247,9.5123,9.8901,10.9798,10.3326,9.7728,10.1778,9.8901,10.4414,10.6552,9.838,10.5758,10.7672,10.4277,9.7451,10.4591,10.1498,11.7087,10.0863,10.5475,9.4707,10.8371,11.2079,10.6022,10.2755,10.0717,11.0189,9.0675,9.6336,10.2631,10.9386,10.0487,9.5117,8.8537,9.4852,10.3158,9.9734,10.5384,8.2255
"ESAM","9606.ENSP00000278927",59.12,9.2719,9.8191,9.2146,8.6712,10.1814,10.2697,10.2016,10.3515,9.1872,8.1764,9.8288,9.0861,10.1692,9.3884,9.311,10.1141,8.9897,9.3224,9.4358,8.4231,10.6328,9.4434,9.552,9.0034,8.5636,9.1196,9.1977,9.1924,10.208,9.392,9.0155,6.9436,10.2565,9.855,8.8093,7.6908,9.1907,9.1673,8.898,8.2184,8.9954,11.5051,8.2714,8.7438,8.8691,9.8201,9.6223,10.404,7.7045,10.3566,9.5835,9.4705,8.1269,8.6397,10.3745,9.2787,9.9124,8.1319,8.7451,8.7176,9.4003,8.7944,9.9301,7.5286,9.4245,9.775,9.1776,9.9077,9.0055,8.6781,7.5874,8.4579,8.9838,11.6795,9.7992,9.0138,10.194,10.0438,9.7917
"ETV5","9606.ENSP00000306894",20.35,10.7793,13.1077,10.0807,9.2038,7.8637,11.4317,10.9228,10.9631,9.7435,10.3352,10.455,10.4154,11.0918,10.8803,9.2046,8.8304,11.004,10.0711,10.0376,11.8111,8.8621,9.6726,11.453,8.7828,12.324,9.1548,10.0857,10.7983,10.2835,12.1172,7.9157,11.4277,8.3833,10.7625,8.8217,8.227,13.4163,12.1801,9.7655,10.5971,10.3453,10.0794,10.6844,10.4987,9.1608,10.3173,10.834,10.5347,12.2597,9.9665,9.8526,10.1034,12.0884,8.2642,8.5422,10.4486,11.4209,10.6086,10.8059,11.4927,8.671,12.3376,9.1475,10.9723,9.9622,10.1834,10.9035,10.9805,9.0219,11.4718,9.8148,11.8419,10.9483,10.2694,10.8059,9.5433,7.8005,10.3012,9.9184
"FAM114A2","9606.ENSP00000341597",19.36,9.5327,8.6366,9.2203,7.6162,9.0429,8.5579,8.5893,8.5624,9.0356,8.5706,8.9595,9.2213,8.4948,9.2239,9.8242,8.8067,8.9009,8.8675,8.6569,8.7989,8.8145,7.9221,9.3903,9.4858,7.7717,9.3528,9.1536,9.8431,8.8298,8.6244,9.347,8.3419,9.1441,8.1644,8.2649,8.9002,8.3976,9.121,8.9111,8.4573,9.171,8.6742,9.4025,8.3695,9.158,8.0723,8.6483,7.9558,8.4059,8.9525,9.1999,8.5429,9.0845,7.7189,8.7497,9.2949,7.7733,7.8043,8.4602,8.0444,9.2689,9.1196,8.7476,8.1031,8.9706,8.6804,9.0062,9.1759,9.4472,9.9208,9.2563,9.5488,9.14,8.6938,9.1184,8.7338,8.7025,9.821,9.2958
"FAM196A","9606.ENSP00000429763",57.73,2.5368,4.1299,1.9864,3.8246,0.6405,1.7684,2.2418,5.0426,1.0406,3.2428,4.1839,2.0122,1.4312,0.8256,1.8825,1.511,2.0439,0.8179,0.5556,1.4458,0.6228,3.6344,1.1338,0.9553,0.4542,0.9616,0.6033,0,0.7212,0,1.2286,0,0,1.8445,2.2872,1.0844,0.5453,0,0,0.5259,0.954,1.5493,1.6972,4.3145,1.0567,0,3.9644,3.4986,0,0,0,0,1.5827,2.6727,1.4723,0.5522,0,5.181,0,0.541,1.2566,3.7095,0,0,5.2563,0,5.6163,2.6529,0,2.5219,0,5.1838,2.7795,2.5281,0,1.8067,1.2605,1.6804,5.3749
"FAM83F","9606.ENSP00000330432",38.46,2.1251,3.468,5.0442,4.6886,4.4381,0,0.5002,0,0.6121,0,0.7103,3.9027,0,5.0633,0.6205,0,6.7915,0,1.2687,2.6258,2.4112,0,2.0652,0.5553,3.0703,1.2758,0,0,0,0,1.5922,0,0,0,0,1.4227,1.2497,4.4054,0,0,0,2.2791,0,5.9346,0,0,2.6583,6.3719,2.1204,1.2742,2.0966,0,4.7516,0,0,0,0,0,0,0.9336,2.9903,0,0,0,0,1.1084,3.8047,5.8977,4.0789,0,0,0,4.4414,1.6633,3.753,0,1.9228,0,0
"FCRL2","9606.ENSP00000355157",23.26,0,1.3843,0,0,0.6405,0,0.5002,0,0,0.9193,0,0,0,0.8256,0,1.9166,1.4776,4.271,0,0,1.6598,0,1.1338,0.5553,0,0.9616,5.4961,0,0,0,0,0,0.8703,0,0,0,0,0,0,0.5259,0,3.8567,0,0,0,0,0,0.6836,0,0.7734,3.3624,1.5206,0,0,0,0,0,0,0,0,0.9458,0,2.1342,0,0,0,0,0,0,0.7464,0,0,0,2.7301,0.9446,0,0,0,0
"FLYWCH2","9606.ENSP00000380159",1.19,10.4793,9.774,11.5256,12.3411,11.1277,10.9245,9.3201,11.3087,12.3501,9.2975,13.1214,10.8758,11.0722,11.7862,12.3261,11.5898,12.1357,11.8424,10.3738,11.5485,9.9726,11.6742,10.8304,10.8583,10.2019,10.9113,9.8888,11.4665,11.5279,9.3401,11.8357,11.9806,11.3302,12.4874,11.8054,12.2381,11.4502,10.7138,11.5809,12.4647,11.7506,12.3377,11.0797,10.9598,12.3186,11.3006,11.4031,10.5199,11.1766,11.9561,11.2204,11.9021,9.6693,12.4451,11.2814,11.0175,11.9219,11.2008,11.0655,11.1299,10.4445,10.6055,9.8997,9.7572,13.2374,11.4045,10.9445,10.4575,11.8736,10.3763,10.6859,11.2005,11.6244,8.6801,11.0666,12.5196,10.463,10.3779,11.5524
"FOXL1","9606.ENSP00000326272",16.21,5.698,5.5638,3.983,6.2058,3.7328,2.4363,2.6753,5.7468,5.5212,10.2949,3.6381,2.0122,5.6002,4.1691,3.6189,3.982,5.3788,5.4501,1.2687,2.2867,4.3145,3.2904,3.2266,3.8223,3.7633,1.7522,2.3656,5.1205,5.5562,3.0295,0.7413,0.6121,4.3253,4.9244,4.3508,2.4547,2.4838,1.5942,6.3624,2.4323,4.2332,5.7285,4.7636,3.6519,3.0977,3.5256,5.3521,3.4191,1.6925,4.6908,4.2497,4.661,3.3474,2.6727,3.6479,3.714,6.0323,4.4164,2.2296,3.0497,3.1494,3.0961,2.6052,0.6764,4.6096,0,6.6368,3.5333,4.0789,1.2358,1.4333,3.8189,4.8463,11.8861,4.6726,2.8572,1.9228,3.2124,3.1074
"FOXO4","9606.ENSP00000363377",24.82,9.7899,9.3683,11.8401,10.7979,12.5686,13.361,8.5046,9.2835,10.897,7.0444,11.819,11.3746,10.4678,10.349,9.7478,10.6608,10.4475,10.5269,11.5912,8.4375,10.8839,9.3318,10.4343,12.0396,10.4029,10.7284,10.9347,11.5611,11.3385,11.1491,11.1839,10.1938,11.392,11.8259,11.2797,10.574,10.0218,10.313,11.2591,9.8022,11.6282,9.7243,10.0328,9.9013,10.2097,10.9651,9.9253,9.8212,9.9281,11.415,10.9181,10.2589,10.2854,11.3431,11.3048,11.1302,9.2322,8.6038,11.2107,10.5606,12.3485,10.9424,10.0176,11.8454,11.2381,11.4794,11.2402,10.8196,11.4757,12.6182,9.779,10.962,10.7715,7.1128,10.2191,12.3862,13.109,10.7054,9.3667
"FXN","9606.ENSP00000366482",49.4,9.1357,8.2334,8.5039,8.0208,7.9543,8.9507,7.5443,8.9049,8.3606,8.3734,8.8364,9.1084,8.5261,10.1916,9.5208,8.3474,10.473,8.1144,8.2051,8.6428,7.9807,8.7573,8.4955,8.0819,8.9724,8.0544,7.8453,9.2444,8.9745,8.69,8.3432,9.2821,8.6563,9.3702,9.1389,8.3311,8.2704,9.1937,9.0908,8.6701,8.8433,8.1943,8.7978,8.2613,8.1496,7.9012,9.7263,8.5246,8.6051,8.8827,8.7101,8.5573,8.717,8.9993,8.8279,9.6609,7.8769,7.5975,8.275,8.6424,8.5245,9.2204,8.0147,8.501,8.9427,8.317,8.5165,7.8983,8.1318,10.1871,8.8083,9.5641,8.7204,7.8849,8.3094,8.4048,8.4837,8.2515,8.9193
"GAD1","9606.ENSP00000350928",42.76,9.0881,6.3634,8.0577,10.0391,3.23,8.2529,1.1656,8.8196,9.178,3.9731,10.7943,7.3327,7.5476,5.4549,7.3419,8.3957,8.5539,9.7696,7.1105,7.9237,1.6598,7.3492,7.5677,7.5996,4.2294,8.9695,10.3392,8.7778,11.3008,10.5779,9.6089,7.3604,9.4339,8.8003,9.9635,11.9735,9.1187,7.0416,9.1945,7.8212,6.957,6.3044,8.2467,7.9098,8.5764,9.9253,8.8291,6.3719,7.2448,10.3913,8.2588,9.1995,6.9438,10.7539,9.2749,6.8129,8.0786,9.975,7.9874,7.316,9.1075,8.8155,7.4136,6.8184,10.0309,4.6598,9.763,5.7984,11.4569,7.9122,8.1762,7.7545,8.5137,2.0123,8.3136,10.2836,2.0498,6.6863,7.8325
"GCK","9606.ENSP00000223366",78.88,0.5659,5.6357,4.3613,6.308,5.7573,1.929,1.8018,5.509,1.3705,1.2245,0.7103,1.1464,4.6942,4.1998,0.6205,3.8023,5.6463,2.0183,4.3069,1.4458,3.422,1.2126,4.9661,0,1.9854,1.2758,0.6033,1.4622,2.6297,5.6894,0.7413,2.7685,2.7648,0,0,1.0844,5.0106,5.5833,2.4206,2.4323,1.2665,2.7613,4.2993,4.7871,0.6229,0.5636,3.6953,3.7138,4.0553,1.9401,2.0966,3.0835,5.9739,0,0.9163,0,3.2956,1.2369,4.138,2.2142,4.6749,6.8299,1.4302,1.7624,2.0006,2.4917,2.5374,2.9282,2.1201,2.8275,0.8878,4.1782,4.5417,6.2312,1.2552,0,2.375,3.7146,2.3247
"GDF6","9606.ENSP00000287020",11.87,7.2185,6.6329,5.6992,5.2548,0.6405,1.7684,2.9318,8.6638,2.2326,1.2245,5.3602,3.0499,3.3291,5.9454,3.6807,3.2212,5.0884,4.271,5.0625,2.1533,1.6598,2.8376,3.6026,0,0.4542,1.5336,1.8464,6.8466,7.9359,5.5026,0,3.0703,0,4.552,5.0022,1.9265,1.9092,2.0104,1.2936,0.5259,3.4994,4.7031,3.5192,6.4301,3.0977,4.5228,4.4758,3.6456,0,1.2742,3.3624,2.2444,4.214,6.6886,5.7847,5.6824,1.8929,5.6394,4.0867,3.2001,4.9802,3.4683,7.9169,1.4826,3.4067,6.0387,6.3357,2.3123,6.5783,2.5219,3.486,4.3085,5.2087,2.1595,2.0828,2.0437,7.6177,1.9093,4.1891
"GPC5","9606.ENSP00000366267",94.56,1.7662,2.4407,2.6628,5.6154,0,0,1.1656,5.9588,2.9765,0,5.4469,2.8213,1.4312,4.6404,4.0043,0,1.4776,5.7034,6.395,0.8969,0,4.9883,0.4835,2.3855,1.5109,6.3578,5.4625,1.4622,5.8759,3.1065,1.8824,0,1.4094,0.8982,6.3663,5.8755,1.2497,1.0069,3.8138,2.1757,3.6685,1.5493,4.4048,6.0142,4.6611,1.2833,1.4704,2.0109,2.1204,1.2742,4.7663,2.2444,2.1989,0,6.0198,4.1526,0,0,3.3541,1.4957,4.9373,1.3278,4.296,0.6764,6.5737,0,4.0753,4.6065,6.104,2.1336,2.138,5.1143,4.3054,0,5.04,1.8067,2.1666,0,1.5873
"GPR27","9606.ENSP00000303149",97.92,2.7578,4.3164,4.1845,0.8275,0,2.8108,0.8709,3.9963,2.0605,1.6906,3.9064,3.3366,2.4659,1.7298,3.5544,4.4163,3.7543,2.4794,3.7241,3.6096,1.3894,2.0265,4.4398,5.197,2.7906,4.2117,2.9541,4.0701,2.9042,0,5.0549,1.6389,2.3619,3.2686,2.9008,5.1134,3.5317,3.1822,2.7667,0,4.0817,0,5.0507,4.5933,4.5324,3.6949,3.6953,3.0484,0,3.9248,3.3624,1.5206,5.5389,0,0,4.0344,0,0,0.6915,0,3.8039,3.7639,4.0227,1.7624,3.0363,2.7613,5.2296,5.4071,3.8469,4.5036,3.8684,3.984,2.7795,0,2.0828,2.4255,3.1172,2.8205,4.2205
"HIST4H4","9606.ENSP00000443017",8.25,4.5591,4.0964,4.6606,4.1732,2.2963,1.929,3.6558,3.395,4.8847,3.4916,3.2125,4.6244,3.2455,3.36,4.559,1.9166,5.05,3.3439,3.0085,2.5214,4.6608,2.6485,2.3165,3.671,3.9817,4.2482,3.6349,4.905,3.5881,4.0595,4.8349,0,3.8328,2.6282,4.8807,4.681,2.8935,2.5965,3.2792,3.9138,4.6106,1.5493,3.7769,2.6779,5.3562,2.5311,3.015,3.1504,4.0553,3.6264,4.3689,3.816,3.741,3.5549,2.6608,4.2263,2.5233,3.5674,2.7083,2.8817,3.072,3.3307,3.2441,3.8237,4.5736,2.9885,6.6712,3.7847,4.7518,4.4147,2.6093,5.6282,4.4925,1.2019,3.5402,3.8193,5.123,2.7033,2.073
"HRSP12","9606.ENSP00000254878",64.22,9.3441,7.263,10.5695,9.9883,12.0359,10.364,8.1373,10.0462,8.5837,9.4076,9.7425,10.8061,10.4912,11.1846,10.4305,9.7348,11.5456,10.3561,11.9358,10.6475,8.9732,8.878,9.9448,9.8018,11.8344,10.0171,9.3432,10.6187,9.5423,9.5295,9.3721,9.4776,9.9142,9.8935,9.5828,9.35,9.7004,11.5881,9.1099,11.195,10.7151,10.2119,9.4725,8.9759,10.6059,9.32,9.5787,9.0368,11.4134,9.1182,10.289,9.3392,10.2213,10.4556,11.6501,9.3618,9.848,9.0723,10.6703,9.6739,10.8396,10.6875,8.3431,10.0133,9.6897,10.9069,8.5391,7.8902,9.6075,10.0918,9.1759,10.1707,9.9616,9.0728,8.1065,10.6206,9.3567,8.1233,8.2768
"HYAL3","9606.ENSP00000337425",99.52,3.7013,6.9097,8.1823,6.7048,5.8818,7.4763,6.8077,7.6052,7.159,7.3963,6.274,5.2765,7.8137,6.4017,7.4228,6.1604,6.374,5.4339,5.9281,8.5814,5.9782,6.6733,5.9195,4.4004,7.9259,2.9456,5.5305,6.5962,6.7661,7.6218,3.3152,8.6899,3.9449,8.0452,5.3425,3.2478,8.4143,7.6334,5.6253,7.3031,6.2162,7.3163,7.7451,8.0769,7.4784,6.8476,9.5313,5.5711,7.0997,5.6303,4.7559,5.528,6.3085,5.0556,5.3551,6.7533,7.2183,4.3555,7.8949,5.3384,5.4827,6.334,4.9916,5.1239,6.769,5.9794,7.4063,6.3295,4.3192,6.4491,7.8626,6.4586,7.0706,7.6889,5.8368,6.8648,5.9342,4.3987,7.4523
"IFT52","9606.ENSP00000362121",77.59,8.7317,9.724,9.2529,8.2288,9.5168,9.2899,9.7955,9.3955,9.4309,8.8355,9.2995,9.4871,9.9442,9.2369,10.325,9.3141,9.7646,8.4714,8.3513,9.2518,9.6342,9.3801,9.3954,9.6898,9.5231,9.4351,9.4283,9.019,8.5886,9.2239,10.0113,9.2845,9.647,8.908,9.4125,9.5027,9.002,9.5959,9.087,9.4945,9.0423,9.317,9.1469,9.7742,9.1249,9.485,9.5467,10.4892,7.9651,10.0965,9.2539,9.271,8.8737,8.518,9.0899,9.5717,9.5016,8.6582,9.5187,8.7935,8.7738,9.8638,9.528,8.5866,9.7673,8.2692,8.8101,9.5832,9.4015,8.7227,9.5428,9.1286,9.5202,8.8685,9.6125,9.5827,9.7056,9.4569,9.907
"IQCD","9606.ENSP00000299732",9.05,3.8529,4.9633,1.7527,3.6575,4.4005,5.2289,4.8873,3.8678,5.2276,6.5428,4.2336,6.8079,5.5136,4.905,4.1857,5.5047,5.7694,5.0123,3.3113,7.0728,4.6913,2.7462,4.8907,4.8664,4.9178,4.136,4.4093,3.9108,4.2104,4.3719,4.0399,4.8586,5.8197,4.4978,5.0022,4.5491,4.836,4.9906,5.1036,4.9497,5.2487,5.233,5.4952,4.498,3.6253,4.7954,4.4758,4.5868,3.1396,5.1885,5.6004,5.8813,3.3474,4.8012,5.5315,3.3681,5.3822,4.8144,4.2818,3.2698,5.3183,3.916,5.1251,3.4814,4.4203,5.1096,3.2705,5.4943,4.7518,2.9591,6.1091,4.1321,5.1778,5.6925,5.3653,4.9821,4.5225,4.7793,5.3468
"ISLR2","9606.ENSP00000355402",3.8,5.0934,8.4549,3.6837,3.6575,3.1414,2.8108,9.4377,4.1423,4.4687,2.4478,4.7592,4.9129,4.2555,3.4132,8.4053,5.176,7.2839,6.7418,4.4687,1.8425,3.0974,6.8751,3.7379,2.0998,3.8398,3.0191,5.3568,3.0806,3.1348,4.0203,3.7827,3.9327,4.3253,4.6545,5.3151,3.1447,3.9726,7.117,4.7615,3.5842,3.7711,3.2736,11.7288,9.5062,9.7275,2.2703,7.1788,2.5481,5.0112,3.0168,2.6919,1.5206,2.4302,2.6727,2.4427,3.1581,4.4164,1.8929,4.138,1.2418,6.8328,9.3902,4.5257,2.6744,3.4861,2.1597,6.7698,4.4697,2.1201,4.1651,7.9168,4.5024,4.8066,3.9359,3.1472,2.2472,0.4318,2.9289,3.0387
"ITM2A","9606.ENSP00000362395",8.6,5.1915,6.5235,2.3639,4.5523,6.5162,7.2424,11.1867,7.0908,3.7177,6.2196,6.8518,7.3381,5.4774,6.3248,6.2826,8.3718,6.067,7.5998,7.1105,5.2668,9.1468,6.9892,7.8525,7.2271,4.5127,7.2128,5.8863,4.6765,2.7735,2.5671,4.3561,2.3863,7.4298,5.9005,1.1977,4.8018,1.5046,3.8708,3.0456,5.2118,3.7207,6.3044,1.6972,4.5465,5.2578,4.2239,6.8538,5.8722,3.3116,5.6007,7.8341,7.1222,5.5389,5.0556,7.4432,5.0107,7.2116,4.8144,2.7083,4.5699,6.4063,6.376,7.7678,4.6739,3.8286,6.9078,3.7019,7.237,6.5529,5.3568,5.9983,7.0705,6.507,7.9496,8.2839,4.2086,7.8645,6.3089,1.768
"KIF3B","9606.ENSP00000364864",46.48,9.6356,11.6454,10.0648,8.2764,10.6722,9.8961,10.2515,10.2685,9.4915,9.6865,9.7078,11.0845,10.4351,11.0191,10.7243,9.9417,10.722,9.6892,9.0084,10.605,9.8846,10.1717,10.9747,10.7194,10.3715,10.4132,10.7622,11.0685,9.6499,10.9535,10.7749,10.1555,10.1617,9.8974,10.5733,10.6509,10.3248,10.5437,10.1516,10.0905,9.094,10.4108,10.7161,10.2344,9.5724,10.0906,9.5954,9.8442,10.4982,10.4663,10.241,10.4073,10.5077,10.699,10.2871,9.9035,10.1626,10.1034,9.6896,9.6022,9.9663,10.3095,9.5705,10.834,10.0972,10.0067,9.2282,11.3112,10.3064,10.9446,10.5278,10.7984,10.8439,10.2319,11.091,10.0211,10.9201,10.6276,11.261
"KLHL25","9606.ENSP00000336800",28.63,7.546,8.8755,6.7502,7.8326,6.2877,6.9276,7.67,7.5623,8.9096,8.205,7.8849,6.2294,7.6281,7.7733,7.8417,6.3153,7.7435,9.3344,8.1959,7.6007,6.7822,7.8851,7.5707,6.6447,8.509,7.4618,6.8155,8.7114,7.4008,9.1576,6.4088,8.0571,7.9286,7.6099,8.091,7.9869,8.8751,7.5333,7.7042,7.2588,6.9351,7.2227,8.3329,7.9029,8.7547,7.1204,8.492,9.2327,7.0026,7.5942,8.1325,6.98,9.015,6.5298,8.0229,8.5912,8.1179,7.3679,9.4531,8.9357,7.3079,7.376,7.355,7.9956,7.7137,7.2739,8.0799,7.7788,8.4337,5.856,7.0252,7.9797,7.923,6.9041,7.9318,7.145,8.4161,6.819,7.0973
"LIPA","9606.ENSP00000337354",94.97,10.9741,10.635,11.375,9.7127,11.6513,12.2763,11.1825,10.7911,10.7591,10.8275,10.4399,11.4197,13.8962,11.1406,11.1985,10.3905,10.1847,10.066,10.7662,13.0328,11.8252,13.9185,9.9702,10.3717,10.79,9.5054,11.0107,11.378,10.4718,10.9578,10.0113,11.0822,9.6896,12.949,10.5411,8.6108,10.666,11.8051,10.7145,13.2232,10.3291,12.8018,10.0542,11.1204,10.7746,10.9914,11.8088,10.6122,11.7827,11.0963,9.9585,9.0396,9.8586,9.6281,9.7286,11.656,11.4302,7.9618,11.5199,9.708,10.2585,10.4961,10.4043,10.7692,10.6783,10.5366,11.1628,10.6835,9.7503,11.7584,10.1326,11.5974,11.7362,11.4928,11.2839,10.2552,10.7458,11.6821,11.9702
"LPCAT4","9606.ENSP00000317300",49.87,9.9151,8.9537,8.683,8.4204,7.495,9.8955,9.5529,9.081,8.077,10.7445,8.9107,8.32,10.0082,7.7554,7.1641,9.2365,8.6644,8.8317,8.4281,7.1924,8.6242,8.8384,8.6292,7.9648,8.7123,8.8925,8.7214,7.4565,8.8644,7.6297,8.6045,8.6779,9.2341,10.4701,7.3689,7.9996,7.2491,8.2305,7.2054,6.5848,7.9621,8.4017,8.7206,8.183,8.0444,8.6666,9.2235,7.8192,8.2077,6.38,9.2186,7.6376,7.2652,7.9869,8.2916,8.8507,9.2755,6.8281,9.063,7.7654,7.7847,9.7821,8.3431,5.5003,8.5895,8.3934,9.0356,7.5672,8.3436,7.1214,9.4441,7.7468,8.3607,10.1059,8.2493,7.4534,7.2912,8.478,7.9019
"MAT1A","9606.ENSP00000361287",51.51,5.5131,8.5617,3.6837,6.2651,11.6989,9.9106,2.7659,5.99,9.2182,0.5317,6.8832,8.2208,8.7605,2.9192,0,5.4447,4.3354,8.7999,9.6559,5.8446,8.0877,4.0713,2.9576,9.0578,0.4542,7.6641,9.9873,5.648,5.6336,10.7397,0.7413,9.5073,6.4988,7.3213,3.1313,5.8892,8.835,8.6648,0,8.7838,4.4651,6.5014,6.5267,7.6494,5.2578,10.5677,1.6842,2.213,5.6144,8.2202,6.9528,6.9366,0,0,3.542,4.9024,0,3.9933,4.9888,0,10.8404,7.4063,8.5595,8.6395,9.9306,2.9885,9.0395,1.6798,0.8772,1.2358,1.8282,7.1595,7.5207,5.7861,7.9126,9.1892,8.5644,9.0757,5.5944
"MAT2A","9606.ENSP00000303147",34.13,11.2643,11.1092,11.6953,11.3965,11.0095,11.7441,11.5227,11.8192,11.0934,12.6363,11.0983,11.7493,10.9277,11.0607,11.6279,9.991,11.5993,11.4538,11.35,11.7555,12.4996,10.907,10.8754,10.7535,11.3111,12.0457,12.7801,11.5409,11.138,10.6835,11.7378,10.8156,11.2128,11.2553,11.6049,11.2873,10.8177,11.225,11.198,10.9801,11.8437,11.1906,11.4966,11.6444,11.752,12.1236,11.4616,11.2661,11.1555,10.0861,11.525,11.4343,11.8114,10.4611,10.8849,11.4176,12.3746,11.284,11.5238,11.9255,11.2448,11.372,11.392,13.2539,11.6879,9.9772,10.5102,11.6423,11.6022,12.0257,11.8423,11.2564,11.7517,12.8701,11.1643,11.7587,13.2779,10.4889,10.1149
"MICALL2","9606.ENSP00000297508",97.02,7.0717,9.1668,10.2559,10.3766,8.0907,8.564,10.248,7.9472,9.7542,9.848,8.473,8.3738,8.902,11.1551,10.7261,7.8481,9.3714,9.1968,8.9951,8.1063,9.1861,8.6541,8.4486,8.6525,10.0511,9.778,8.0315,8.9731,9.1346,8.2989,7.9976,7.9715,10.721,8.415,7.2141,7.9612,8.7758,9.7107,10.0604,9.6923,8.6498,10.1111,9.1469,9.8582,10.2884,11.0086,8.2302,8.5736,10.4769,9.2751,9.4681,8.4223,7.5557,9.7045,10.3364,10.1864,10.0115,8.943,7.9267,10.6666,9.8682,9.8355,8.15,10.9389,8.4651,8.5574,9.0862,9.3062,9.9816,11.2213,8.2943,10.2633,11.3168,9.3305,9.5444,8.8161,7.6999,8.8667,8.823
"MINPP1","9606.ENSP00000361064",78.84,9.6666,10.2133,9.9886,9.6375,10.2845,9.7962,8.8603,9.5559,9.4883,10.3327,9.4554,10.053,9.817,10.265,9.3122,10.5107,9.5934,9.8493,10.282,10.5245,9.9261,10.9769,9.568,9.0347,9.4736,9.2158,8.985,10.4547,9.8926,10.1381,8.5173,10.5281,8.6768,9.7861,8.8823,9.0311,9.9909,10.3492,9.9355,10.3771,9.8766,9.4835,10.3033,9.1387,9.8218,9.4888,9.5804,10.1887,9.3505,9.8615,9.3656,9.4629,9.7255,8.659,9.4221,10.7302,9.4451,10.8008,10.1742,10.3428,9.2238,10.3755,9.4036,11.1239,9.8856,9.7028,10.2815,9.8647,9.4678,11.1301,10.3597,10.3446,10.1917,9.5591,10.1568,8.9276,9.8931,9.6325,11.0362
"MSI2","9606.ENSP00000284073",62.63,9.303,9.9256,9.3686,8.6602,8.5716,9.3137,6.2715,8.7631,9.1989,7.0395,8.0005,7.9183,9.5742,8.9453,8.8704,7.3559,8.2958,7.1431,10.1817,9.6779,6.7892,9.2467,8.1562,8.1995,9.2027,7.5844,8.9262,9.4692,8.3048,9.17,7.6996,8.8415,6.6492,8.8143,7.0548,7.7141,9.5963,9.0758,7.9778,9.6698,9.0046,8.6188,9.2336,8.8537,9.1235,7.8088,9.3136,8.5714,8.5716,10.0008,7.4027,7.2867,9.4808,5.6261,6.7715,9.1461,8.3724,7.813,8.9383,8.51,8.9008,8.2362,7.6016,9.8158,8.9723,8.4422,9.4165,8.6178,7.0846,9.3963,8.2098,8.9538,8.8593,6.6785,8.7026,9.0208,8.3938,6.84,9.3375
"MTHFSD","9606.ENSP00000354152",75.15,8.422,8.0766,8.363,9.7599,7.9114,7.4684,8.6546,8.7699,8.4396,8.3381,8.6456,8.7502,8.6368,8.9974,8.982,8.6056,8.6094,8.8627,7.7623,7.8582,8.6341,7.9959,8.7246,9.3292,8.4167,9.233,8.5013,8.2716,9.1965,8.159,9.1478,7.0278,8.523,7.7554,8.5847,9.6448,8.2874,8.0109,8.5413,8.0728,7.932,8.3083,7.9654,8.2846,8.3492,8.6095,8.3248,8.3773,8.4572,8.1318,8.9264,9.07,8.207,9.184,9.1224,7.5757,7.9578,7.4373,7.5354,7.6943,7.8927,7.8489,7.8863,8.6199,8.3155,8.7085,7.9709,8.7828,9.3691,8.5005,8.9315,7.8142,8.371,9.1038,8.7042,9.2363,8.5088,8.9054,8.6695
"MYOCD","9606.ENSP00000401678",68.76,2.5368,2.7305,0.6713,0,1.0825,3.7042,0.5002,2.8318,2.2326,0.5317,1.8256,0.6842,0.6467,2.5897,0,2.7116,0,2.2672,0,0.8969,2.0839,0.9094,3.1639,3.3771,0,1.5336,1.0274,2.7451,1.8458,1.4809,0,0,3.0794,0,0,0,0,1.0069,1.2936,0,1.2665,0,0,0.4706,1.0567,0,1.4704,1.4948,0,1.6452,3.7021,0,2.0677,0,1.4723,2.2418,2.1349,0,1.1571,0.9336,0,1.3278,0,0,0.6783,0,3.3406,2.9282,3.2278,0,0.8878,1.9451,2.0457,2.4154,2.6054,0,4.3357,0,0
"NSUN2","9606.ENSP00000264670",18.26,9.292,9.9616,10.7712,11.166,10.1,10.2093,10.9375,11.1498,10.4149,10.6965,10.7927,10.3519,10.0778,11.0744,11.0673,10.0324,11.0134,9.6959,11.02,9.4952,9.8094,9.9176,10.3567,10.6341,10.0884,10.8805,10.3701,10.6485,9.3202,11.548,11.259,10.2925,10.7538,9.0393,10.5133,10.4741,10.2292,10.4803,11.228,9.4634,10.8032,9.9617,10.7263,9.7957,9.558,8.6868,10.1048,9.6565,10.0379,10.5615,10.4876,9.929,10.6297,10.3525,10.5767,10.8851,9.2059,9.7017,10.0433,9.4207,11.1855,10.8564,10.3641,9.2764,10.6349,10.23,10.2954,10.7829,10.701,10.853,10.4788,10.702,10.2071,11.1244,10.5246,10.3658,9.8771,10.0536,10.3809
"OR51E1","9606.ENSP00000380155",42.29,3.7013,1.5913,1.4738,5.1642,6.3873,4.9204,4.4683,4.902,5.86,4.1282,3.2125,4.2633,3.1568,1.11,0,3.8949,1.8787,2.6643,3.1678,0.8969,5.2977,3.4726,3.8215,4.7198,1.5109,4.5105,3.694,3.0806,2.0851,2.5671,4.4478,1.865,5.566,2.1554,2.6263,3.8526,1.2497,2.333,4.0845,2.1757,3.0871,2.2791,1.6972,0.8248,1.3896,3.2637,3.1649,5.6289,1.0814,3.541,2.2699,4.9498,1.9235,3.5549,4.2285,2.2418,5.3585,2.6842,4.0867,0.541,3.4229,3.0086,3.2441,0,4.6096,2.7613,4.1937,4.0762,2.9438,1.2358,0.8878,0.6509,0.8337,6.6846,4.3187,1.8067,4.285,5.6615,3.4091
"OR51E2","9606.ENSP00000380153",30.75,1.2874,5.1385,5.1199,4.5992,0,2.967,2.6753,3.6507,2.7685,0.5317,0.7103,1.777,0,0.471,0,0,2.3266,0,0,0,1.6598,2.0265,1.7608,4.1994,0.799,2.3961,3.6349,1.2119,0,0.5339,2.948,0,3.8328,2.1554,1.8429,2.5951,0,1.0069,0,0.5259,0.954,0,0.8053,0,0,2.5311,1.2192,3.9011,0,0,0.6286,3.9958,0.4844,0,0,0.9505,2.829,1.2369,0.6915,0,0.549,2.1775,1.4302,0.6764,1.7661,0,2.4127,3.4191,0,0,0,0,0.4762,3.6672,1.7275,0,0.4318,3.2124,1.5873
"PCDHA2","9606.ENSP00000431748",60.7,3.2699,3.2082,6.0558,8.1999,0,6.5799,5.1114,6.9314,5.7651,3.1796,6.4723,5.2752,4.3783,0,5.3414,6.4435,6.0009,3.4085,2.8846,0.517,0.6228,3.0048,4.7484,2.5096,0.4542,3.683,5.899,3.4444,7.3328,3.8515,4.0977,0.6121,0,4.7502,3.3299,4.7631,4.3429,0,5.9866,0,3.8534,2.2791,5.6958,0,5.21,5.1268,5.043,1.8456,0,1.6452,0,2.7241,2.7195,2.6727,0.9163,6.9607,0,2.3422,0,3.0144,4.3504,5.183,7.4539,0.6764,5.6047,3.4179,1.9572,0,2.3741,5.7276,7.1252,5.5327,5.746,4.7783,1.2552,2.6617,1.0334,7.0481,4.7339
"PDGFB","9606.ENSP00000330382",21.17,8.1782,8.5053,6.7894,8.319,8.7638,9.1715,9.2194,8.6308,8.8197,7.2228,8.4652,8.8617,8.327,7.374,7.6543,8.9727,8.1055,8.4652,8.729,6.652,10.0758,8.0966,8.4469,8.865,7.1493,8.0073,10.3869,7.8865,9.0733,8.7528,8.6844,5.9367,9.3739,8.1469,8.091,8.0734,7.4214,8.7451,7.2611,7.5672,8.0666,9.6691,7.2899,7.9259,7.076,8.6902,8.3228,9.4495,7.2234,8.6705,8.5279,8.5501,6.9853,10.0205,8.5994,7.9684,8.5656,8.0966,8.168,8.0493,8.2604,7.0704,9.7824,5.422,8.6873,8.7899,8.3114,8.8156,8.7351,7.4964,6.6138,7.6762,8.1143,10.498,9.4379,9.1846,7.9807,9.1657,8.6595
"PIGB","9606.ENSP00000164305",25.76,8.2295,8.2032,7.0787,7.0611,7.7974,7.7416,8.2169,7.9312,6.8506,7.9707,8.6531,7.9125,7.5934,7.9132,6.8388,8.2719,6.8753,8.8484,8.1524,8.4066,8.6191,6.7422,8.452,8.1244,7.6358,7.8955,7.4812,8.0946,8.8813,7.8371,8.4218,7.4546,8.0189,7.8644,7.9328,7.9597,8.3693,8.1114,7.2786,7.1845,7.2348,6.825,8.7676,7.8823,8.6798,8.2187,6.6962,7.5848,8.3587,7.4599,8.576,8.0756,8.004,8.4109,7.3123,8.4426,7.8361,7.0595,6.5441,8.2891,7.9752,6.8945,8.225,8.525,8.2806,8.7115,8.3093,7.5646,8.3265,7.9807,8.0318,6.8974,7.5648,7.7028,8.2185,7.7374,7.9354,7.3572,8.0623
"PON3","9606.ENSP00000265627",55.98,6.3003,3.1783,5.4086,3.251,12.2972,1.7684,1.6192,1.757,3.8819,10.2586,2.2681,1.4959,2.1354,4.1998,4.421,0.9449,3.6556,2.2672,7.8734,2.7232,1.3894,1.862,1.1338,0,3.5058,0,0.6033,5.0836,3.5881,6.1918,1.2286,1.0406,2.3619,1.4476,0,0,2.0757,4.7137,3.0456,3.0833,1.7411,4.1917,1.319,1.8874,5.7814,0.9679,4.7134,0,3.6042,3.541,3.112,8.7385,3.1668,0,2.6608,5.8666,2.6842,3.1924,4.4935,2.8817,2.9903,9.4966,1.4302,0.6764,2.3791,1.1084,4.2676,0.5269,2.1201,3.5658,0,10.813,2.7795,5.1569,0,2.2472,9.0928,2.8205,2.4358
"PRAMEF2","9606.ENSP00000240189",77.03,0,0,0,0,0,0,0.5002,0,0,0,0,0,0,0,0,0,0,0,0,0,0,0,0,0,0,0,0,0,0,0,0,0,0,0,0,0,0,0,0,0,0,0,0,0.4706,0,0,0,0,0,0,0,0,0,0,0,0,0,0,0,0,0,0,0,0.6764,0,0,0,0.5269,0,0,0,0,0,0,0,0,0,0,0.4865
"PTPRCAP","9606.ENSP00000325589",65,5.7113,4.9256,3.9279,6.9379,5.9126,6.3223,8.6337,4.5297,6.0213,8.7274,5.5287,6.598,6.7075,3.4646,4.6233,7.3559,6.4301,9.1138,4.6416,5.5045,8.5822,5.5847,8.0056,5.6388,5.5045,4.2482,5.7538,3.8681,5.9981,5.6769,5.0549,5.2478,5.8818,5.9618,4.6769,4.9916,5.7001,4.7682,5.6538,4.4079,4.7172,8.1461,5.5189,4.8463,3.9108,5.9248,5.8717,4.9682,5.5472,3.707,7.1654,6.2786,3.0326,8.0172,7.6549,3.6076,6.3408,6.8107,5.5009,6.3654,5.9024,6.5175,7.947,3.8834,3.7663,7.5209,3.5325,5.7401,4.3981,5.4492,5.9396,3.7595,4.7657,8.2251,7.2096,5.038,5.7182,6.2049,3.9481
"RBPMS","9606.ENSP00000340176",55.21,11.4649,10.017,8.3913,10.4827,9.9597,8.8713,10.0217,11.9209,8.6667,6.3034,11.7913,9.2816,10.4322,9.5687,8.2687,9.4424,9.505,12.1239,8.7113,9.6151,11.5774,10.0616,9.0073,9.5064,9.8702,8.9503,10.2933,9.4266,12.2202,9.0262,9.2532,9.9634,10.9004,10.8529,8.7542,9.0062,8.9942,9.3187,9.7751,10.7665,10.2114,10.0482,9.8321,8.1244,9.6472,9.5499,9.3851,10.5564,11.1435,8.7955,10.1399,9.9699,10.8596,12.3738,10.7984,9.4443,9.7639,12.4142,9.2081,10.5894,9.5566,9.2905,9.2792,9.0926,9.55,10.0099,8.7946,8.8394,10.4574,8.3287,7.8756,10.0244,10.638,10.4051,9.8593,9.9196,11.1697,8.5646,8.759
"RNF144B","9606.ENSP00000259939",29.22,7.0922,6.6329,6.1359,5.6603,7.9737,7.3703,9.1379,7.4149,6.4886,10.6041,7.1455,6.884,7.4483,6.6192,6.0567,7.4118,5.5257,7.9857,7.9549,5.4343,9.1106,7.127,7.7253,7.981,5.1905,6.3578,9.5915,6.7381,6.8393,7.1089,6.7789,8.1778,7.139,6.4491,7.559,5.0659,5.9776,7.0193,6.3367,4.5501,5.7536,7.9632,5.9437,5.2488,5.7955,7.1976,6.8593,6.6495,6.3659,7.0391,7.4886,6.1705,4.7937,7.4791,7.845,6.6349,5.3585,6.3648,5.5203,6.5164,7.2651,6.617,8.0521,5.0314,6.4798,7.8007,5.9549,8.4998,6.864,6.2261,6.5366,5.5601,6.4883,8.9903,7.3755,7.0117,7.8273,9.232,6.7822
"RPS7","9606.ENSP00000339095",27.87,12.7479,11.9456,12.1577,12.5146,12.637,13.6272,12.2159,11.9332,12.1338,13.3362,12.7868,11.3372,13.6347,11.3467,12.7953,12.2594,12.3184,12.1317,11.913,12.8965,12.7753,13.1867,11.5274,11.3467,12.707,11.6849,11.8248,10.9687,12.2149,12.8388,11.7042,11.9342,12.3028,12.8786,12.2734,11.7976,13.2456,13.0088,11.8518,13.1978,11.9378,13.0583,11.2646,13.5988,12.3325,12.6798,12.186,13.4806,12.4516,12.8054,12.8818,12.5012,12.4244,13.0525,12.9267,11.5388,13.742,13.9541,13.0382,12.5826,11.6237,13.2904,12.8631,10.6529,12.5466,12.2007,12.6118,11.7218,11.9133,11.1396,11.158,10.4252,11.7286,12.9908,12.1872,13.0642,11.1404,11.8693,12.7295
"SELO","9606.ENSP00000370288",92.95,8.6339,8.2315,9.5265,10.0581,9.5079,8.9306,9.3079,8.2921,9.2561,9.8262,8.4859,9.3795,10.1217,9.1256,9.3625,7.8481,10.7425,9.5435,9.2003,8.6962,9.5577,9.3328,8.8911,8.0465,9.6313,9.2078,7.302,9.0042,8.0498,10.0242,8.9699,9.6687,9.8867,8.708,9.7909,10.0267,8.8087,9.5116,9.2333,9.1955,8.7739,10.2523,9.03,10.4184,8.9935,9.1349,9.762,9.7076,9.9559,9.0561,9.1257,8.3498,8.9028,9.1157,9.3136,9.3098,10.142,9.9155,9.8786,10.2803,10.1327,9.2398,8.8935,8.8298,8.7769,9.2478,9.2026,8.6733,8.9431,8.9374,8.9809,8.3435,9.5611,9.4842,9.0978,9.2659,8.8197,8.8599,9.4526
"SERPINH1","9606.ENSP00000434412",61.16,11.3111,12.409,12.4112,13.9796,10.6291,13.267,14.587,13.7376,12.4075,13.2917,12.5715,10.7148,12.9243,12.8646,13.0885,13.4284,12.378,12.899,11.1629,11.5375,12.1562,12.4105,12.8752,12.2317,12.4846,11.7621,11.5784,12.3051,12.021,11.4403,12.365,11.3741,12.7586,12.5266,11.8313,11.3253,13.2877,11.762,12.8354,13.0974,12.8808,12.4916,12.3978,12.2565,12.7745,12.4152,14.0397,14.7002,11.2792,11.7151,12.1037,12.947,11.749,11.5039,12.2457,12.4199,12.3989,14.9134,11.6661,12.4207,11.398,11.7158,12.0676,11.3562,12.5065,12.3401,12.4153,12.224,12.8691,12.1391,12.7136,12.5204,12.6198,14.4775,11.7319,9.9931,10.6129,12.085,12.1507
"SETD5","9606.ENSP00000385852",62.52,11.2654,11.9475,10.5033,11.5672,9.8617,10.4608,10.8081,10.8805,10.7391,9.6046,11.0381,10.3882,9.909,10.456,10.1828,10.6173,10.182,10.3794,10.3824,10.6299,10.5542,9.4935,11.2517,11.1287,10.9306,10.5876,10.574,10.5519,11.2712,10.7626,10.7391,10.7436,10.4879,10.2767,10.0328,11.0291,10.4203,10.5314,10.5242,10.5415,10.6564,10.2432,10.4078,10.5029,10.3743,11.2372,10.6988,11.1233,10.332,10.1631,10.4242,10.7674,11.2202,10.422,9.822,10.5001,10.603,11.1009,10.6828,10.8413,10.4378,11.3668,11.3326,10.7825,10.297,10.9156,11.3695,10.3612,10.8846,10.1246,11.1044,10.1346,10.4563,10.8175,9.8814,10.7565,10.6981,11.2075,9.731
"SH2D5","9606.ENSP00000406026",88.13,3.0364,1.933,4.8204,4.9276,0.6405,4.2818,3.506,2.3448,4.2457,1.8772,1.5402,3.9601,1.7059,1.8887,5.4415,0.9449,3.5496,1.7173,2.7307,3.6096,3.0034,5.8711,2.4274,3.7736,3.3044,5.4631,5.8216,1.4622,1.5587,3.3157,3.9798,0.6121,4.4938,2.6282,5.1142,6.429,2.8015,3.7676,3.0456,3.1563,4.1594,6.0967,3.9263,8.5362,1.3896,2.4066,2.3174,3.574,1.0814,4.3329,3.8732,3.0835,0,2.6727,3.3035,1.7361,3.796,4.4164,3.7334,4.9973,4.1807,5.4189,2.6052,4.9776,3.3226,2.1597,2.4127,4.6827,3.6685,2.6828,0.8878,3.984,5.4211,4.6092,4.749,2.4255,1.4566,5.307,4.4228
"SLC43A2","9606.ENSP00000461382",86.51,7.9535,7.6431,7.3726,9.4101,9.6819,10.0965,9.8709,7.6406,8.6742,8.0192,8.084,9.6364,7.3959,9.4669,9.2306,10.0825,7.4842,8.7624,8.5506,6.4885,9.8232,8.16,10.564,9.4867,6.4944,8.1074,9.4391,7.7073,9.0292,10.2784,8.0965,9.0926,8.9451,8.69,8.5352,8.4398,6.9393,9.1799,8.8759,7.0497,7.2245,9.1312,7.0424,9.3816,7.3051,6.2306,9.3473,7.7478,7.8992,7.4436,8.8635,8.5573,7.3974,8.4967,8.7586,9.5131,7.9813,7.205,6.6082,8.2087,9.4792,9.1797,9.3744,8.0778,8.0604,8.9737,9.4722,8.2636,8.4302,7.6454,10.9962,8.6193,9.1168,8.7688,9.2068,8.0096,8.0882,9.4794,6.0258
"SLC6A16","9606.ENSP00000338627",85.63,0.5659,3.3013,5.6318,6.1596,5.1098,2.4363,4.9073,0.4222,6.3459,2.3249,5.2916,5.9608,1.9366,4.8673,4.7147,3.7033,6.7261,4.0229,0.5556,3.6597,5.823,2.0265,3.3999,1.2681,4.339,2.741,3.6349,3.7787,6.5902,3.5543,3.9798,0,4.4398,0,3.8008,1.4227,0.9401,1.8172,4.6822,5.2622,5.7155,3.8567,5.1753,3.8189,2.4115,5.0032,6.1397,3.9584,5.4024,3.2498,4.9043,3.816,5.5512,5.6261,4.7405,5.072,0,4.5052,3.5934,5.1714,5.0824,7.7613,1.4302,3.1336,4.1051,3.6508,6.8916,4.2863,1.8117,2.9591,2.6093,5.4702,5.3398,3.8078,6.1269,5.0652,4.7454,2.2806,4.7367
"ST3GAL1","9606.ENSP00000428540",81.46,11.8395,10.8716,11.3455,11.9549,8.9804,11.2267,10.9403,11.8636,11.5777,8.9056,12.3207,10.9874,10.281,11.6044,12.2191,10.6526,11.0137,12.8355,11.2559,13.0844,11.7476,11.1113,9.4879,12.4392,11.5871,13.1745,12.0979,11.6051,12.3544,9.1922,11.288,10.7347,11.5425,10.7423,12.2513,12.1724,10.2042,10.2986,11.4812,11.6724,12.8343,10.141,11.7436,9.538,13.5025,12.3472,10.3447,10.3528,11.1541,11.1341,10.284,9.364,10.9078,10.2981,11.8562,11.1001,10.7843,12.714,12.2616,12.7633,11.5652,11.5011,10.1462,12.4221,11.8022,8.6475,11.0418,10.3895,11.5704,11.6675,10.0213,10.5313,13.6029,11.6898,9.4683,11.1889,8.1761,10.675,11.7499
"STARD13","9606.ENSP00000338785",74.25,7.8034,9.0156,8.1019,8.8465,10.3146,10.2446,9.4187,8.3712,9.6864,6.9694,8.4337,8.7048,7.8353,8.4046,8.9241,8.0378,8.425,8.2104,8.9845,9.7323,9.768,8.882,8.4971,9.3229,8.0202,9.0244,9.2379,8.8316,9.6991,8.4245,9.2064,7.9715,9.9653,8.5307,8.8217,8.1579,8.0729,8.1507,9.04,9.361,8.6054,9.0258,7.2479,8.9264,10.132,10.3802,8.6999,8.7566,8.8019,9.0714,8.7473,8.2646,10.0125,8.5801,8.3672,8.0518,8.6917,8.0677,9.2798,8.8572,8.2296,8.3044,8.0242,9.546,9.1505,8.4707,8.1717,8.817,9.3672,7.3543,7.5617,8.1745,9.3447,9.8556,8.8914,9.6748,10.1858,9.3439,8.9733
"STX18","9606.ENSP00000305810",87.5,9.7938,8.8779,9.3981,10.32,9.5266,10.0547,9.2423,10.7881,10.1748,8.2834,9.5636,9.4475,9.8824,11.0664,10.1674,9.2844,11.1752,9.5212,10.4782,9.5846,9.236,10.0115,9.5627,9.424,9.701,9.6486,9.4648,10.4237,9.268,9.4532,8.607,9.8028,8.9739,9.0996,10.5548,9.4035,9.8721,10.5645,10.6702,10.2511,10.1604,9.1036,10.1767,9.9482,10.1697,9.152,9.6425,8.7747,10.3169,9.1671,9.3548,8.7512,9.5864,8.1596,10.1096,10.5431,9.1328,9.5429,10.3132,9.373,10.2153,10.0932,9.3333,9.9981,9.9395,9.3888,9.4516,8.5224,8.4232,9.9158,9.5993,10.4671,10.5394,9.1541,8.3711,8.9313,8.9927,9.1671,9.7324
"SUCNR1","9606.ENSP00000355156",80.7,0,5.9957,0,0.8275,2.946,1.5877,1.1656,0,3.1584,2.3249,4.4589,5.8438,0.6467,3.1873,1.8825,5.6447,0.9203,4.2129,5.8889,0.8969,3.0034,2.1742,4.6374,5.3707,0.4542,10.0497,8.02,3.0037,3.5881,4.135,6.7522,0.6121,5.0573,0.8982,2.2872,8.5366,0,0.5896,2.4206,2.028,1.7411,0.9734,0,0.4706,0,0,3.015,1.1454,0,0.7734,3.2837,5.331,1.1356,5.9102,5.3234,0.5522,0,0,0,9.6298,4.0657,2.7087,5.494,6.405,0,4.1031,1.2878,4.8683,11.6749,2.1336,1.8282,2.3193,1.1198,1.6633,4.845,5.9,4.4086,10.7994,4.2813
"SYAP1","9606.ENSP00000369500",24.45,11.5126,10.5449,10.9984,11.2288,10.2955,10.4021,9.9903,10.7906,11.3286,10.9612,12.2806,10.3771,10.5652,11.6585,11.5275,10.3492,11.1465,10.7207,12.2121,12.0854,9.6937,9.8818,10.5217,10.5843,11.5105,10.6105,10.7321,11.0732,10.9384,10.9136,10.8153,10.854,10.7195,11.1719,11.0569,11.065,10.9559,10.8834,10.6766,10.4031,11.3908,10.812,11.1601,4.4732,12.2145,10.63,11.1666,10.2058,10.7904,11.293,10.786,10.367,10.5144,10.6223,10.5892,11.1993,11.2808,10.9879,10.9683,10.0983,11.6376,10.8163,10.02,10.9216,11.3301,10.5422,11.8094,10.854,11.1273,11.5239,10.3199,10.9086,10.893,10.0272,10.3123,11.1246,10.9575,9.9171,11.9899
"TASP1","9606.ENSP00000338624",65.93,7.4698,7.4737,5.81,4.9993,6.6427,6.2095,6.6505,7.2345,6.2287,5.9238,6.7701,6.6857,6.3151,6.9291,7.1423,6.603,6.3296,6.3141,5.8306,5.3905,7.1922,6.5427,7.1122,7.0391,5.6175,6.8418,7.0596,6.841,6.5307,6.7672,7.3829,5.6483,6.4173,6.8457,5.4059,7.4715,6.6337,6.4482,6.1429,5.9874,5.7283,6.5014,7.8901,6.3775,5.8506,7.6428,6.4484,8.7866,6.1561,7.2216,6.5009,6.6715,7.1804,6.3513,5.7613,7.3956,6.8621,6.9279,6.3822,6.3654,6.0906,6.9226,6.3932,6.5956,6.0276,6.3562,6.7312,6.6962,6.9347,5.6765,6.9278,7.2595,7.6129,7.0762,7.4688,7.4789,6.9235,6.7542,6.1932
"TBPL2","9606.ENSP00000247219",42.15,0,0,1.1276,0,0,0,0,0,0.6121,0,0,0,0,0,0,0,0.5323,0,0,0,0,1.2126,0,0,0,0,0,0,0,0,0,0,0,0,0,0,0,0,0,0,0,0,0.8053,0,0,0,0,0,0,0,0,0,0,0,0,0,0,0,0,0,0,0,0,0,0,0,0,0,0,0,0,0,0,0,0,0.7001,0,0,0
"TBX22","9606.ENSP00000362390",33.15,0,0,4.4421,0,0,0,0,0,4.2457,0,0,2.6918,0,0,0.6205,2.9022,0.5323,1.3366,4.9131,0.517,0,0,0.4835,2.2497,0,6.6577,1.3548,0,0.7212,0.9227,0,0,0,0,0,0.6418,0,0,0,0,1.2665,0,0.8053,0,9.3777,0,0,0,0,0,4.0737,0,0,0,0,0,0,0,0,0,6.8032,0,5.9546,1.4826,0,0,0,1.6798,0,0,7.2188,1.7139,2.5092,0,3.6505,0,0,0,0
"TCF20","9606.ENSP00000352463",67.68,7.9702,9.7852,8.9413,9.033,7.8912,8.2529,9.2482,8.3107,8.6946,10.1141,7.942,8.4707,8.4157,8.8091,8.0462,7.8654,9.8859,8.8604,8.6619,9.9295,8.9732,8.6775,8.7205,8.2314,9.8849,8.8308,8.9791,8.7501,7.7829,9.1944,9.3305,8.7646,9.1546,8.0326,9.4976,9.8142,9.3586,9.392,8.3872,9.5757,9.2364,9.0016,8.7709,9.1158,8.5946,8.451,9.4449,8.5055,9.2562,8.9972,8.7101,8.3662,10.1707,9.4511,8.5928,8.5912,8.521,9.3554,9.9521,9.3071,8.884,10.048,9.1257,9.2469,7.8475,8.466,9.4722,9.3172,9.4386,8.819,8.2864,9.6331,9.1549,8.9568,9.0558,7.8547,9.3803,9.2161,9.9058
"TMCO1","9606.ENSP00000480514",94.27,11.7395,11.5394,11.4135,11.394,11.447,11.6966,10.9701,11.5631,11.9122,11.7482,11.3827,10.7482,12.1608,11.5381,12.0363,11.5051,11.6216,11.9023,12.1115,11.7573,11.1982,11.0552,11.4227,10.9035,11.5436,10.849,11.2051,10.8898,11.3682,11.4216,10.9374,10.6327,11.038,11.9077,11.2113,11.1219,12.0584,11.9397,11.161,11.7869,11.4644,11.4708,11.4936,11.2485,11.7101,11.3941,11.439,11.7225,11.5925,11.2517,11.3236,10.6944,11.1042,10.9704,11.3274,11.2926,11.6407,11.2393,10.9361,11.5135,11.3581,10.9977,10.6824,12.3069,11.3415,11.7145,10.8425,10.8856,11.2097,12.2025,11.5715,11.2991,11.4198,11.0184,11.0428,11.2191,11.053,10.8251,12.2057
"TMEM37","9606.ENSP00000303148",11.51,4.8981,5.7801,7.8948,9.4117,11.137,7.3133,8.9621,6.3011,6.8343,7.5928,5.9409,7.729,7.0093,6.8588,8.7112,7.2892,6.3216,4.7514,8.6056,4.7705,11.9856,7.0188,6.085,5.1015,5.5956,6.2542,6.0308,6.5001,6.7377,5.7019,5.4143,5.1221,6.6131,6.4057,5.856,3.4705,6.6536,6.4315,6.907,6.1301,7.0104,8.0392,10.0152,7.1552,7.811,8.7586,6.6841,7.3578,6.696,6.5964,9.362,6.4113,5.9739,7.3895,8.1455,6.9224,6.3165,7.0511,2.9571,7.4572,9.0595,6.987,7.0013,9.168,7.928,6.1129,9.1065,6.1954,7.0934,6.7283,6.1953,6.9019,7.2023,8.5758,8.9799,5.5029,13.0526,7.4709,4.9576
"TRIM16L","9606.ENSP00000461386",67.86,8.4796,8.8853,6.9134,6.8143,7.3964,6.1088,6.9102,6.7791,7.2391,7.3161,6.736,8.6632,5.5313,6.6305,7.0992,8.1501,6.5489,6.3684,8.9557,6.9954,8.2795,6.2975,8.4668,8.0407,8.3187,7.2398,6.9958,6.8587,6.458,5.8541,7.2314,7.415,6.7414,6.9437,6.7939,7.0213,6.8397,8.576,6.3876,6.8497,6.9459,7.1504,6.4911,6.0954,8.0444,7.4184,6.3751,6.7931,8.7983,6.1473,7.667,6.6977,7.6079,5.7751,6.6493,8.2514,6.7505,5.8577,6.9756,7.0969,8.1056,8.0318,7.4698,8.9506,6.1906,7.4051,7.807,7.8398,6.8431,6.7915,7.9819,7.1073,7.0781,6.2883,6.9418,6.9317,6.1178,7.624,7.0778
"TUBAL3","9606.ENSP00000369784",70.26,0,0,0,0,0,0,0,0,0,3.4333,0,0.6842,0,0,0,0,0,0,0,0.517,0,0,0,0,0,0,0,0,0,0,0,0,0,0,0,0,0,0,0,0,0,0,0,0,0,0,0,0,0,0,0,0,0,0,0,0,0,0,0,0,0,0,0,0,0,0,0,0,0,0,0,0,0,0.5195,0,0,0,0,0
"USP34","9606.ENSP00000381577",83.84,11.6559,11.2207,10.5923,10.6569,10.5289,10.9361,10.583,10.8569,10.2443,10.9213,10.302,9.8191,10.6474,10.1318,10.1033,10.3665,10.3968,10.2002,10.4547,11.6653,10.8012,11.0709,10.3338,10.1719,10.9942,10.5222,9.9814,10.6391,10.3765,11.0496,10.7413,11.3327,9.838,10.0961,9.7633,10.3668,10.9718,10.8694,9.8654,11.5181,10.1013,10.4766,10.44,11.0296,10.5007,11.8662,10.6841,10.6004,10.9249,9.7242,10.6756,10.6158,11.2862,10.1421,9.6779,10.4341,11.0644,11.5949,11.1128,10.1604,10.1291,10.8474,10.5998,10.4383,9.8391,10.379,10.4032,10.3299,10.5949,10.2671,10.6451,10.268,10.3686,10.656,10.0947,9.994,11.0323,9.7727,11.2671
"USP6","9606.ENSP00000460380",72.38,6.5201,5.0881,4.6265,7.1806,4.769,4.9766,5.3203,4.9183,5.7368,4.4261,5.3602,6.5798,4.1212,5.3766,4.559,6.118,5.9779,5.7243,5.1025,6.065,5.2162,4.1801,6.2375,5.2153,6.1926,5.8062,5.3929,5.2257,6.9265,5.5308,4.9954,5.6483,4.7813,4.552,5.4059,4.7427,6.5083,5.9793,6.3367,4.752,5.4934,6.1169,5.7767,5.4275,4.1044,5.902,5.8161,5.023,5.9105,5.0717,5.9707,6.1326,5.2216,6.253,5.1176,5.6824,5.4731,5.3822,5.2442,6.4948,4.9589,6.0971,5.8312,6.1736,5.0098,6.1129,5.8385,5.4801,5.0719,5.1794,7.1854,5.3136,5.0811,5.7283,4.6193,5.8695,5.0489,5.564,4.5016
"YKT6","9606.ENSP00000223369",13.91,10.935,11.8007,11.7588,11.0138,10.9706,11.3304,12.8615,10.3746,12.2578,11.1709,10.5431,11.3456,10.9823,11.8841,12.4636,10.9423,11.5209,10.9632,11.9058,11.0539,10.8514,10.991,11.6417,11.7197,11.2178,11.2414,10.8725,11.4609,11.3291,11.9745,10.7604,10.8266,11.4096,11.0308,11.7256,10.2875,11.9115,10.8612,11.9859,10.9804,11.2845,11.0729,11.2466,10.7886,11.7379,10.5392,11.6069,11.217,10.9552,11.2112,10.7314,10.4752,10.3393,10.0353,11.3393,11.6981,10.7798,10.5458,11.3519,11.0662,11.9194,11.7755,11.5299,10.8236,11.5367,10.8593,11.2906,11.8417,10.2833,11.3856,9.9721,11.7503,11.6876,11.4016,11.4611,11.6619,10.537,10.8025,11.9459
"ZBBX","9606.ENSP00000390232",79.14,0.5659,0,0,0,0,0,0,1.0143,0,0,1.1842,1.777,0,0.8256,0.6205,0,0.5323,0,0,0,0,0.9094,0,1.9324,0.4542,0,0,0,0,0,1.2286,0,0.8703,0.8982,0,0,0,0,0,0,0,0.9734,0.8053,1.8874,1.66,0,0.9149,0.6836,0,0,3.2837,3.371,0,2.6727,0.9163,1.5185,0,0,0,0,1.5122,0,0,0,0,1.1084,0,0.5269,0,0,2.7975,2.1443,0.4762,0,1.5106,0,0,0.6335,0
"ZMIZ1","9606.ENSP00000334474",92.07,9.4986,11.8824,11.3089,12.2031,9.2223,11.3389,10.4049,12.1207,11.0762,11.1353,12.0579,12.4215,10.3345,11.5179,11.6301,12.3244,9.6956,11.1108,10.9308,10.0784,11.5918,12.023,10.8257,12.3063,10.2417,11.3191,10.8296,12.5368,12.0807,11.3703,12.0255,10.0407,11.5489,11.6545,11.3145,10.6312,9.0276,11.2369,11.9755,10.8138,11.2494,11.6253,10.6125,10.7243,11.8339,11.9358,11.7186,9.5427,10.2149,11.5968,10.6211,10.7919,11.4841,10.5671,10.4947,12.2454,10.7219,11.5256,8.9951,10.9452,11.5389,11.6925,11.5731,11.6908,12.2894,10.6989,12.2916,12.1397,11.3029,11.9581,12.4141,12.4536,11.5467,11.1064,11.5132,10.8759,13.4817,12.0185,13.1864
"ZNF653","9606.ENSP00000293771",18.34,7.6531,6.7722,8.5249,8.8417,6.914,7.4015,7.4551,8.8497,8.5737,6.4576,8.5337,7.5906,7.5344,8.373,8.2662,7.5817,8.6258,7.9145,6.8357,8.1264,6.8846,8.1511,7.8722,6.6914,8.0119,6.3661,6.8931,8.2405,8.7165,7.2891,6.5704,8.2647,6.6728,7.8285,7.727,6.6782,8.5504,7.3668,8.3363,8.7924,8.0361,7.3388,8.5896,7.6157,8.675,7.9155,8.1334,7.4607,7.3373,7.3897,6.9207,7.1604,7.6505,6.8317,7.3907,8.9451,8.2264,7.3074,7.6008,7.9678,7.4253,8.763,7.7566,7.4518,8.3018,7.8665,8.4327,7.2868,6.5909,8.3529,8.0933,9.0043,8.5976,6.7265,7.8959,8.0339,6.7888,7.7659,7.8427
"ZNF737","9606.ENSP00000395733",86.9,8.3194,7.9648,8.4413,9.0688,8.8361,8.3269,6.5583,8.3199,9.8769,4.6474,9.8013,8.81,8.304,9.0509,9.1887,8.7797,7.2881,8.2067,8.2324,7.6071,7.7505,7.6275,8.0496,9.6807,7.6627,8.7773,10.2035,9.0202,7.3328,6.7372,9.3662,4.2457,7.9138,7.6162,9.6884,8.955,6.9285,7.8403,6.3876,5.4038,9.3117,7.7982,4.1248,9.3504,9.4696,10.6563,8.7407,8.3346,7.0275,9.9375,8.6855,8.9166,9.0415,7.2435,7.8394,9.1508,6.0323,9.5766,7.4567,8.2242,8.9929,8.4692,9.9099,8.4939,9.8046,8.771,9.8353,8.6178,8.0522,8.2793,8.9112,9.3652,8.529,5.9161,8.9357,10.6183,9.0403,9.4329,8.3707
