"from","to","id","Integrated Gradients","Saliency"
"0852638c-8d2d-4504-a30c-d93b9a42a96a","5b6bffc0-150a-47fb-b5ea-a24bcba01817","edge_11",0,0
"2b5e9fcd-3b60-4fd8-b447-9d9e942936f5","3ec8357c-e690-4642-86a8-d089e13e313b","edge_5",0.21,0.38
"2b5e9fcd-3b60-4fd8-b447-9d9e942936f5","633164ce-0253-4a74-b4b0-f27718518048","edge_18",0.27,0.12
"2b5e9fcd-3b60-4fd8-b447-9d9e942936f5","013479f1-8488-4e1c-b759-39a703d0b4b4","edge_25",0.27,0.12
"3ec8357c-e690-4642-86a8-d089e13e313b","49c293c0-8007-451f-87b1-48bcc02071ea","edge_13",0.67,0.67
"49c293c0-8007-451f-87b1-48bcc02071ea","e8b6ef50-92bd-40b8-a7e8-c1935195648f","edge_14",0.1,0.23
"49c293c0-8007-451f-87b1-48bcc02071ea","d178c986-882e-4be2-b59c-c57a92373a94","edge_27",0.1,0.23
"59dd037f-fc8c-4d4c-8d44-a069caf7c570","ab36f42f-69eb-4276-9b09-801decd4b101","edge_6",0,0
"59dd037f-fc8c-4d4c-8d44-a069caf7c570","e57e0b06-baea-4631-b553-3ba9b6701720","edge_9",0,0
"59dd037f-fc8c-4d4c-8d44-a069caf7c570","0e1a7fbe-4055-4e80-a923-8b55fa80731b","edge_10",0,0
"59dd037f-fc8c-4d4c-8d44-a069caf7c570","5aab7391-9b15-4734-8ba2-7b56cd159634","edge_22",0,0
"8e47d6f1-fda4-4f02-a9c5-ed55a6d74f96","bde16789-5ad4-46bb-80e5-0ceed0739804","edge_24",0,0
"8e47d6f1-fda4-4f02-a9c5-ed55a6d74f96","796b584b-0c52-4d0b-836b-5b9afb69eb1d","edge_28",0,0
"ab36f42f-69eb-4276-9b09-801decd4b101","6373108c-ef6f-42df-b3bf-cfe5a69e70e4","edge_26",0,0
"cae94392-b685-4f42-9d0b-b594b2279f32","cfe035bc-c954-4bb6-9081-bcb6b160c07c","edge_0",0.01,0.02
"cae94392-b685-4f42-9d0b-b594b2279f32","b53e709d-0b4d-4823-8cc7-dcc1f504b46e","edge_4",0,0
"cae94392-b685-4f42-9d0b-b594b2279f32","d7f83722-7a71-478b-93f4-e325a8f94843","edge_8",0,0
"cae94392-b685-4f42-9d0b-b594b2279f32","1ad5de6f-5b67-4aee-a1a4-7aba5bcfb12b","edge_21",0,0
"cfe035bc-c954-4bb6-9081-bcb6b160c07c","2b5e9fcd-3b60-4fd8-b447-9d9e942936f5","edge_1",1,1
"cfe035bc-c954-4bb6-9081-bcb6b160c07c","59dd037f-fc8c-4d4c-8d44-a069caf7c570","edge_2",0,0
"cfe035bc-c954-4bb6-9081-bcb6b160c07c","0852638c-8d2d-4504-a30c-d93b9a42a96a","edge_3",0,0
"cfe035bc-c954-4bb6-9081-bcb6b160c07c","d8b78934-6f5b-4fa0-8d08-a716479a2764","edge_7",0,0
"cfe035bc-c954-4bb6-9081-bcb6b160c07c","ef9094a2-bffc-473f-93e5-c3e270f3a80e","edge_15",0,0
"cfe035bc-c954-4bb6-9081-bcb6b160c07c","c8b34f23-d05c-4857-ac45-e14f69ab8886","edge_19",0,0
"d7f83722-7a71-478b-93f4-e325a8f94843","8e47d6f1-fda4-4f02-a9c5-ed55a6d74f96","edge_12",0,0
"d7f83722-7a71-478b-93f4-e325a8f94843","314f88c5-f420-465c-a7e7-6a84fe04a811","edge_17",0,0
"d8b78934-6f5b-4fa0-8d08-a716479a2764","1f75c8da-46a2-4bea-bb96-c86172eb015b","edge_16",0,0
"d8b78934-6f5b-4fa0-8d08-a716479a2764","df38bbe3-2aa3-46cd-b8e2-203f9a56914e","edge_20",0,0
"ef9094a2-bffc-473f-93e5-c3e270f3a80e","0e080f5f-ba71-4a3b-9219-4778b06d7c82","edge_23",0,0
