"label","mRNA","methy","GNNExplainer"
"ABAT","8.84739971160889","-0.120099999010563",0.15
"ABCA1","11.9118003845215","0.107799999415874",0.15
"ABCB1","10.0108995437622","-0.363499999046326",0.14
"ABCB4","9.00119972229004","-0.459500014781952",0.14
"ABI1","10.277099609375","-0.465900003910065",0.14
"ABL1","10.1871995925903","0.452499985694885",0.15
"ABL2","10.4589004516602","-0.234699994325638",0.15
"ACACA","9.95059967041016","0.135199993848801",0.14
"ACACB","9.45730018615723","-0.358700007200241",0.13
"ACAN","9.62049961090088","0.1300999969244",0.14
"ACIN1","10.4435997009277","-0.467000007629395",0.14
"ACLY","13.8315000534058","0.0143999997526407",0.16
"ACO1","10.9034004211426","-0.481099992990494",0.15
"ACO2","12.7643003463745","-0.0768000036478043",0.14
"ACOT4","7.45389986038208","-0.446799993515015",0.15
"ACOX1","11.1532001495361","-0.445899993181229",0.14
"ACOX2","7.52549982070923","-0.031700000166893",0.14
"ACOX3","8.54979991912842","0.426400005817413",0.16
"ACSF3","8.76539993286133","-0.235599994659424",0.13
"ACSS3","10.6631002426147","-0.21170000731945",0.15
"ACTA1","0.41159999370575","-0.122800000011921",0.14
"ACTB","15.7564001083374","0.200699999928474",0.15
"ACTG1","15.1015996932983","0.00920000020414591",0.13
"ACTL6B","0","-0.175200000405312",0.14
"ACTN1","11.7278995513916","0.133300006389618",0.14
"ACTN2","5.53090000152588","-0.425300002098083",0.15
"ACTN3","0.731400012969971","0.296900004148483",0.15
"ACTN4","13.2910995483398","0.430400013923645",0.12
"ACTR1A","11.0677003860474","0.283499985933304",0.15
"ACTR3B","6.54610013961792","-0.398900002241135",0.12
"ACTR8","8.13259983062744","-0.447899997234344",0.16
"ACVR1C","3.10330009460449","0.438100010156631",0.13
"ADAM12","7.49410009384155","0.317299991846085",0.14
"ADAM15","10.9781999588013","0.254299998283386",0.15
"ADAM28","9.81330013275146","-0.0939999967813492",0.14
"ADAMTS5","10.4097003936768","0.424600005149841",0.15
"ADAR","12.7938995361328","-0.429800003767014",0.14
"ADCY1","6.83599996566772","-0.291500002145767",0.16
"ADCY2","7.55620002746582","-0.111100003123283",0.14
"ADCY3","9.50909996032715","0.423099994659424",0.14
"ADCY5","9.46059989929199","-0.299100011587143",0.14
"ADCY7","9.74279975891113","0.187299996614456",0.14
"ADCY8","5.66830015182495","0.0825999975204468",0.15
"ADCY9","10.7255001068115","-0.294699996709824",0.14
"ADCYAP1R1","0","-0.422699987888336",0.15
"ADNP","11.0599002838135","-0.479600012302399",0.13
"ADORA1","5.78520011901855","-0.0916000008583069",0.16
"ADRA1A","2.57349991798401","0.385500013828278",0.15
"ADRA2B","5.00159978866577","0.364600002765656",0.15
"AEBP2","9.88309955596924","-0.460099995136261",0.13
"AFF4","12.6956996917725","0.0208999998867512",0.15
"AGAP2","7.23309993743896","0.224500000476837",0.14
"AGK","9.24520015716553","-0.336499989032745",0.16
"AGL","9.49339962005615","-0.24040000140667",0.14
"AGRN","13.7320003509521","0.179700002074242",0.15
"AGT","11.7116003036499","-0.00219999998807907",0.14
"AGTR1","5.8024001121521","-0.42739999294281",0.14
"AKAP9","10.9722995758057","-0.486400008201599",0.14
"AKT2","10.7455997467041","0.396299988031387",0.14
"AKT3","10.418399810791","0.211300000548363",0.16
"ALDH1A3","6.36679983139038","0.345400005578995",0.14
"ALDH3A1","3.86159992218018","-0.267500013113022",0.14
"ALDH3A2","10.8752002716064","0.42960000038147",0.13
"ALDOA","16.0160007476807","-0.36599999666214",0.13
"ALDOB","8.14780044555664","0.238900005817413",0.15
"ALK","1.21459996700287","-0.480199992656708",0.15
"AMBN","0.41159999370575","0.0399999991059303",0.15
"AMDHD1","6.97499990463257","-0.468699991703033",0.14
"ANAPC4","8.38570022583008","-0.160199999809265",0.13
"ANGPT4","0.993099987506866","0.0546999983489513",0.13
"ANGPTL3","8.13430023193359","0.389400005340576",0.12
"ANK1","9.66810035705566","-0.307599991559982",0.14
"ANK2","11.5876998901367","-0.156599998474121",0.15
"ANK3","10.6345996856689","-0.0276999995112419",0.13
"ANLN","8.21350002288818","0.435000002384186",0.15
"ANO1","9.62110042572021","0.318599998950958",0.14
"ANO6","12.7836999893188","0.317099988460541",0.14
"AOC2","4.48939990997314","0.345600008964539",0.14
"AOX1","10.06130027771","0.0852999985218048",0.13
"AP1B1","11.7375001907349","0.331999987363815",0.14
"AP1G1","11.6444997787476","-0.34799998998642",0.15
"AP1G2","9.23999977111816","-0.450899988412857",0.13
"AP2A1","11.315899848938","0.1875",0.13
"AP2A2","10.6180000305176","0.2449000030756",0.15
"AP2B1","12.5549001693726","-0.376300007104874",0.14
"AP3B1","10.8376998901367","-0.225099995732307",0.14
"AP4E1","8.33800029754639","0.42399999499321",0.13
"AP4M1","8.785400390625","0.265399992465973",0.12
"APAF1","9.52610015869141","-0.479099988937378",0.14
"APBB1IP","10.1312999725342","-0.394499987363815",0.14
"APC","9.8297004699707","-0.446700006723404",0.14
"APEX1","11.0783004760742","-0.457100003957748",0.13
"APLP2","14.8330001831055","-0.102899998426437",0.14
"APOA1","1.40639996528625","-0.473100006580353",0.14
"APOA5","0","0.26910001039505",0.14
"APOB","12.9846000671387","-0.0291000008583069",0.14
"APP","14.9249000549316","0.264999985694885",0.13
"AQR","9.33940029144287","-0.477800011634827",0.15
"ARAP1","10.9603996276855","0.187000006437302",0.14
"ARAP2","9.58240032196045","-0.444900006055832",0.14
"ARHGAP12","9.47210025787354","-0.222699999809265",0.15
"ARHGAP21","10.7831001281738","-0.431499987840652",0.13
"ARHGAP29","11.8998003005981","0.283300012350082",0.14
"ARHGAP30","9.68729972839355","0.0903000012040138",0.15
"ARHGAP5","10.8043003082275","-0.47409999370575",0.13
"ARHGAP9","8.15789985656738","0.224900007247925",0.15
"ARHGEF1","10.1794004440308","0.268999993801117",0.13
"ARHGEF10L","10.1809997558594","-0.0571999996900558",0.14
"ARHGEF11","9.68669986724854","0.36829999089241",0.16
"ARHGEF12","13.1187000274658","-0.271699994802475",0.12
"ARHGEF15","9.05239963531494","0.369800001382828",0.16
"ARHGEF17","11.0376996994019","0.372200012207031",0.13
"ARHGEF4","0.993099987506866","0.061099998652935",0.16
"ARHGEF5","8.43200016021729","-0.224299997091293",0.13
"ARID1A","10.6968002319336","-0.0303000006824732",0.15
"ARID4A","8.902099609375","-0.458099991083145",0.15
"ARNT","9.70160007476807","-0.484899997711182",0.15
"ARPC2","12.1043996810913","0.286799997091293",0.16
"ARSB","10.9378004074097","-0.227200001478195",0.16
"ASPH","12.3472003936768","-0.46900001168251",0.15
"ASXL1","10.6301002502441","-0.470600008964539",0.16
"ATF2","9.22710037231445","-0.458700001239777",0.14
"ATG7","9.47029972076416","0.347400009632111",0.14
"ATN1","11.6141004562378","-0.144099995493889",0.16
"ATP11A","11.3443002700806","0.248999997973442",0.14
"ATP12A","0","-0.361099988222122",0.13
"ATP1A1","14.5397996902466","-0.165500000119209",0.15
"ATP1B1","13.8796997070312","0.166400000452995",0.12
"ATP2A1","2.10489988327026","-0.485000014305115",0.13
"ATP2A2","13.0546998977661","0.280699998140335",0.15
"ATP6V1A","11.7409000396729","-0.452899992465973",0.15
"ATP8A1","10.2658996582031","0.164100006222725",0.14
"ATP8B2","8.9975004196167","0.09740000218153",0.14
"ATP8B4","7.94820022583008","0.171399995684624",0.14
"ATR","9.95400047302246","0.42620000243187",0.15
"AXIN1","9.09829998016357","0.391499996185303",0.16
"AXIN2","5.19840002059937","0.187000006437302",0.14
"AXL","11.9343996047974","-0.47350001335144",0.16
"B2M","15.8828001022339","0.393700003623962",0.15
"B3GNT5","9.24370002746582","0.339300006628036",0.14
"BAAT","7.06319999694824","-0.0529000014066696",0.14
"BACH1","10.4980001449585","0.0401999987661839",0.14
"BAK1","8.38570022583008","0.348800003528595",0.15
"BAP1","9.60830020904541","0.442299991846085",0.14
"BAZ1A","9.4237003326416","-0.447800010442734",0.15
"BAZ1B","11.1584997177124","-0.431300014257431",0.13
"BCAN","3.86159992218018","-0.466100007295609",0.14
"BCAR1","10.309700012207","0.199499994516373",0.13
"BCAS2","9.1943998336792","-0.45660001039505",0.14
"BCL2L11","9.97210025787354","-0.481099992990494",0.17
"BCL6","10.7721996307373","-0.100299999117851",0.15
"BCL9","7.99569988250732","-0.333000004291534",0.16
"BCL9L","10.4285001754761","0.277399986982346",0.13
"BCR","10.5759000778198","0.033500000834465",0.14
"BDKRB2","11.6268997192383","-0.164000004529953",0.14
"BICD2","9.40900039672852","0.397599995136261",0.13
"BIRC3","12.6177997589111","0.0485000014305115",0.14
"BLK","3.3568000793457","-0.232199996709824",0.14
"BLM","5.65889978408813","0.426600009202957",0.14
"BMP1","10.4006004333496","0.368000000715256",0.14
"BMS1","10.0970001220703","-0.452699989080429",0.15
"BRAP","9.38360023498535","-0.482400000095367",0.13
"BRCA1","8.33349990844727","0.201700001955032",0.14
"BRCA2","6.63980007171631","0.322200000286102",0.15
"BRD1","9.07369995117188","0.235799998044968",0.13
"BRD4","10.444299697876","0.350600004196167",0.16
"BRD7","10.3528995513916","0.18860000371933",0.14
"BRD8","10.7279996871948","-0.479000002145767",0.15
"BRIP1","6.00880002975464","-0.435600012540817",0.13
"BRPF1","8.09130001068115","0.436300009489059",0.14
"BRWD1","10.1907997131348","-0.46450001001358",0.14
"BUB1","7.25309991836548","-0.293700009584427",0.14
"BUB3","10.2815999984741","-0.455799996852875",0.13
"C1GALT1","8.88309955596924","-0.484800010919571",0.14
"C2","11.4968996047974","0.068000003695488",0.15
"C3","16.7544994354248","-0.101700000464916",0.16
"C3AR1","9.13939952850342","0.13629999756813",0.13
"C5","6.14970016479492","0.417600005865097",0.14
"C5AR1","8.69589996337891","0.0646999999880791",0.14
"C7","5.36740016937256","0.281300008296967",0.14
"CABIN1","10.6330995559692","-0.45660001039505",0.15
"CACNA1C","7.75449991226196","-0.131400004029274",0.15
"CACNA1D","6.77640008926392","-0.00310000008903444",0.15
"CACNA1S","0.41159999370575","0.279700011014938",0.15
"CACNA2D1","6.50470018386841","-0.355699986219406",0.14
"CACNB1","5.56139993667603","-0.483799993991852",0.14
"CACNB2","5.63040018081665","-0.180099993944168",0.13
"CACNG3","0.41159999370575","-0.382099986076355",0.15
"CALCRL","10.2227001190186","-0.178900003433228",0.15
"CALD1","13.164400100708","0.35929998755455",0.13
"CAMK2A","0.731400012969971","0.200900003314018",0.15
"CAMK2D","9.76049995422363","0.374000012874603",0.14
"CAMK4","4.74160003662109","-0.483500003814697",0.16
"CAP2","8.46339988708496","0.244499996304512",0.14
"CAPG","12.391900062561","-0.275499999523163",0.17
"CAPN2","12.4911003112793","0.320699989795685",0.15
"CARD9","6.68680000305176","0.365399986505508",0.14
"CARM1","9.68089962005615","0.436300009489059",0.13
"CASC3","10.566499710083","-0.104000002145767",0.13
"CASP2","9.96730041503906","0.450300008058548",0.13
"CASP8","9.99890041351318","0.252499997615814",0.14
"CASR","4.61129999160767","-0.214100003242493",0.14
"CBL","10.1499004364014","0.23309999704361",0.13
"CBLB","9.35190010070801","0.374700009822845",0.16
"CBX2","4.63070011138916","0.225899994373322",0.16
"CCKAR","0","0.480100005865097",0.14
"CCNA2","6.87550020217896","0.338800013065338",0.13
"CCNE2","6.16800022125244","-0.456999987363815",0.14
"CCNF","6.77640008926392","0.472799986600876",0.14
"CCNT1","7.84009981155396","-0.0239000003784895",0.17
"CCR1","8.63490009307861","0.128800004720688",0.13
"CCR2","8.24370002746582","0.260300010442734",0.13
"CCT2","11.5764999389648","-0.477600008249283",0.14
"CCT3","11.8773002624512","-0.486699998378754",0.14
"CCT6B","6.16300010681152","-0.398299992084503",0.14
"CD19","2.98799991607666","0.0261000003665686",0.15
"CD1B","4.42430019378662","0.42620000243187",0.15
"CD1C","7.60349988937378","0.149900004267693",0.14
"CD1D","7.55870008468628","-0.0917999967932701",0.14
"CD2","9.49600028991699","0.380499988794327",0.13
"CD22","3.79460000991821","0.137799993157387",0.14
"CD300A","8.69359970092773","0.194199994206429",0.15
"CD36","10.7796001434326","0.300799995660782",0.14
"CD4","11.4822998046875","0.182899996638298",0.15
"CD47","11.2301998138428","0.303400009870529",0.14
"CD5","8.44299983978271","0.290300011634827",0.15
"CD86","8.98250007629395","0.257499992847443",0.14
"CD8A","8.08080005645752","0.437200009822845",0.12
"CD8B","6.34980010986328","0.36259999871254",0.14
"CD93","12.101900100708","0.20160000026226",0.13
"CDC14A","7.55109977722168","0.293500006198883",0.14
"CDC25C","5.48929977416992","0.430900007486343",0.15
"CDC37","11.0811996459961","-0.426800012588501",0.14
"CDC40","8.85249996185303","-0.462999999523163",0.15
"CDC5L","9.41810035705566","-0.461299985647202",0.15
"CDC6","7.99569988250732","-0.469799995422363",0.14
"CDC73","10.0165004730225","0.283699989318848",0.12
"CDCA7","7.18270015716553","-0.454800009727478",0.16
"CDK12","10.2580995559692","-0.467799991369247",0.15
"CDK14","10.6141004562378","-0.0738999992609024",0.14
"CDK7","9.41600036621094","-0.483999997377396",0.15
"CDKN1B","10.3312997817993","-0.187700003385544",0.13
"CDS1","8.8971996307373","-0.348699986934662",0.14
"CECR2","1.21459996700287","0.248400002717972",0.13
"CELSR1","11.2932996749878","-0.123199999332428",0.14
"CENPE","6.5511999130249","0.419900000095367",0.15
"CENPF","8.85659980773926","0.442600011825562",0.13
"CENPL","6.70970010757446","0.374900013208389",0.16
"CEP97","7.3351001739502","-0.458499997854233",0.16
"CFTR","0","-0.348899990320206",0.15
"CHAF1A","8.03429985046387","0.44420000910759",0.15
"CHD1L","9.46809959411621","-0.415600001811981",0.13
"CHD3","10.7313995361328","-0.168500006198883",0.15
"CHD4","12.4031000137329","-0.274199992418289",0.16
"CHD9","11.0538997650146","0.175300002098083",0.15
"CHEK2","7.36709976196289","-0.472799986600876",0.14
"CHERP","9.92360019683838","0.31470000743866",0.15
"CHGB","6.99760007858276","-0.453999996185303",0.15
"CHI3L1","8.23740005493164","-0.116400003433228",0.14
"CHIT1","2.79559993743896","0.402200013399124",0.14
"CHL1","5.20900011062622","-0.308800011873245",0.15
"CHRD","7.3585000038147","0.332199990749359",0.16
"CHRM1","0.41159999370575","0.0885000005364418",0.13
"CHRM2","1.21459996700287","0.404000014066696",0.14
"CHRNA1","0.993099987506866","0.34689998626709",0.15
"CHRNA4","0","-0.190999999642372",0.14
"CHRNB2","3.40260004997253","-0.458700001239777",0.14
"CHRNB3","0","0.267500013113022",0.15
"CHRNB4","1.72739994525909","-0.347900003194809",0.14
"CHRND","0.41159999370575","-0.358399987220764",0.14
"CHSY1","9.78660011291504","0.352699995040894",0.14
"CHSY3","6.79370021820068","0.303400009870529",0.15
"CHUK","8.97119998931885","-0.410600006580353",0.15
"CIITA","9.10690021514893","-0.271100014448166",0.13
"CILP","1.86450004577637","-0.0621999986469746",0.14
"CKAP2","8.85970020294189","-0.465900003910065",0.16
"CLASP1","11.0593004226685","-0.287000000476837",0.14
"CLCN6","8.41390037536621","-0.26010000705719",0.15
"CLEC10A","9.47280025482178","0.400799989700317",0.14
"CLIP1","11.0945997238159","0.468300014734268",0.15
"CLIP2","9.97070026397705","-0.103000000119209",0.13
"CLOCK","9.00860023498535","-0.442699998617172",0.15
"CLTCL1","6.95599985122681","-0.452699989080429",0.15
"CLUAP1","9.32089996337891","-0.422100007534027",0.15
"CNDP1","7.16949987411499","0.428000003099442",0.14
"CNDP2","14.7699003219604","-0.0304000005125999",0.14
"CNGA1","3.57240009307861","0.0215000007301569",0.15
"CNKSR1","2.31089997291565","0.303400009870529",0.14
"CNTN1","3.2606999874115","0.02280000038445",0.13
"CNTN2","0.731400012969971","0.357100009918213",0.14
"CNTNAP1","8.37569999694824","-0.372200012207031",0.15
"CNTNAP2","2.79559993743896","-0.262800008058548",0.13
"COG1","9.94799995422363","-0.483500003814697",0.13
"COG3","9.24680042266846","-0.44980001449585",0.14
"COG5","10.168999671936","-0.485700011253357",0.14
"COL11A1","4.55159997940063","0.249699994921684",0.13
"COL14A1","9.65690040588379","0.390899986028671",0.14
"COL16A1","6.50470018386841","0.0135000003501773",0.15
"COL17A1","10.1129999160767","-0.256000012159348",0.14
"COL1A1","12.0967998504639","0.431199997663498",0.13
"COL1A2","13.1062002182007","0.337300002574921",0.15
"COL2A1","0.41159999370575","0.187900006771088",0.14
"COL3A1","12.0937995910645","0.389099985361099",0.14
"COL4A3","8.17450046539307","-0.404599994421005",0.13
"COL4A4","8.93270015716553","-0.404599994421005",0.14
"COL5A1","9.18099975585938","0.352899998426437",0.15
"COL5A2","9.92440032958984","0.426800012588501",0.16
"COL5A3","8.90410041809082","0.298000007867813",0.15
"COL6A1","11.5641002655029","0.443500012159348",0.14
"COL6A2","12.6448001861572","0.236399993300438",0.15
"COL7A1","3.75979995727539","0.303099989891052",0.14
"COL8A1","10.0223999023438","0.0998999997973442",0.14
"COL9A1","2.49119997024536","-0.213100001215935",0.14
"COL9A3","1.72739994525909","0.331800013780594",0.15
"COPA","12.4521999359131","-0.484499990940094",0.13
"COPB1","11.6002998352051","-0.452699989080429",0.14
"COPS3","9.81120014190674","-0.462500005960464",0.13
"CPB2","0.731400012969971","0.0791999995708466",0.13
"CPD","11.8065996170044","-0.108000002801418",0.15
"CPEB1","1.86450004577637","-0.388999998569489",0.15
"CPSF1","9.59850025177002","0.437000006437302",0.15
"CPSF3","9.68029975891113","0.238000005483627",0.14
"CPSF6","10.2030000686646","-0.404100000858307",0.15
"CPT1A","11.6163997650146","-0.397399991750717",0.15
"CPT2","9.90410041809082","-0.174099996685982",0.15
"CR1","4.77680015563965","-0.466399997472763",0.13
"CR2","1.98969995975494","-0.407799988985062",0.14
"CREB3L1","2.31089997291565","0.200299993157387",0.14
"CREB3L3","9.49470043182373","-0.26240000128746",0.14
"CREB5","10.9274997711182","-0.24549999833107",0.14
"CREBBP","11.2552003860474","-0.163100004196167",0.14
"CREM","9.44909954071045","0.308800011873245",0.15
"CRHR1","1.04480004310608","0.00230000005103648",0.14
"CRMP1","7.81300020217896","0.38730001449585",0.15
"CRNKL1","9.81070041656494","-0.48769998550415",0.15
"CROT","8.8931999206543","-0.237299993634224",0.15
"CSDE1","13.5578002929688","-0.444099992513657",0.15
"CSE1L","11.1003999710083","-0.474599987268448",0.13
"CSF1R","11.9979000091553","-0.0434000007808208",0.14
"CSF2RB","8.61929988861084","0.233400002121925",0.13
"CSF3R","8.4306001663208","0.169799998402596",0.14
"CSGALNACT2","8.94050025939941","-0.485199987888336",0.15
"CSNK2A1","10.6349000930786","-0.474799990653992",0.14
"CSPG4","10.9077997207642","0.472200006246567",0.16
"CSTF3","9.1298999786377","-0.474700003862381",0.15
"CTCF","10.3346004486084","-0.486699998378754",0.15
"CTNNA2","0.731400012969971","-0.0975999981164932",0.15
"CTNNBL1","10.1619997024536","-0.473800003528595",0.16
"CTR9","10.2246999740601","-0.460200011730194",0.15
"CTSA","12.4020004272461","0.318800002336502",0.15
"CUX1","11.3115997314453","0.350600004196167",0.14
"CWC22","8.8769998550415","-0.451400011777878",0.14
"CX3CR1","9.63490009307861","0.124200001358986",0.14
"CXCR4","12.1272001266479","0.123800002038479",0.16
"CYFIP1","11.3681001663208","0.425399988889694",0.14
"CYFIP2","11.6971998214722","0.00620000017806888",0.14
"CYP21A2","5.01760005950928","0.331499993801117",0.15
"CYP4A11","6.34980010986328","-0.207699999213219",0.16
"CYTH4","8.88910007476807","0.108499996364117",0.14
"DAAM1","6.69600009918213","-0.0318999998271465",0.14
"DAB2","13.5215997695923","-0.00460000010207295",0.13
"DAB2IP","10.5880002975464","-0.0524999983608723",0.14
"DAPK1","11.0237998962402","-0.317099988460541",0.14
"DBH","2.65140008926392","0.246399998664856",0.13
"DCAF5","10.2615995407104","-0.48089998960495",0.14
"DCC","1.5757999420166","0.345600008964539",0.15
"DCTN1","11.7047004699707","-0.259600013494492",0.16
"DDC","11.2163000106812","-0.216999992728233",0.15
"DDX17","13.0115003585815","-0.481200009584427",0.16
"DDX20","8.22949981689453","-0.460599988698959",0.13
"DDX21","10.4924001693726","-0.474500000476837",0.15
"DDX23","11.3540000915527","-0.482100009918213",0.15
"DDX31","7.9539999961853","-0.485100001096725",0.15
"DDX42","11.2503004074097","0.338899999856949",0.14
"DDX46","10.7082004547119","-0.464300006628036",0.14
"DDX5","13.0395002365112","0.336800009012222",0.13
"DECR1","10.5319004058838","-0.482800006866455",0.15
"DEF6","8.22309970855713","-0.0373999997973442",0.15
"DEK","11.0818996429443","-0.482400000095367",0.14
"DENND1A","9.46940040588379","0.388399988412857",0.14
"DENND1B","6.68219995498657","-0.0410999990999699",0.13
"DEPDC1","6.39580011367798","0.407499998807907",0.13
"DHX15","11.1309003829956","-0.226999998092651",0.15
"DHX38","10.3304996490479","-0.382299989461899",0.15
"DHX8","9.6515998840332","0.446700006723404",0.13
"DIAPH1","13.2417001724243","-0.476300001144409",0.14
"DLC1","10.1301002502441","0.349299997091293",0.13
"DLG1","11.0729999542236","-0.397599995136261",0.14
"DLG2","4.89359998703003","-0.11710000038147",0.13
"DLGAP2","1.98969995975494","0.0500999987125397",0.16
"DLGAP3","2.72530007362366","0.289200007915497",0.15
"DLGAP5","6.24690008163452","0.231199994683266",0.14
"DLL1","7.36140012741089","0.256000012159348",0.13
"DMP1","2.79559993743896","0.384499996900558",0.14
"DNAH1","6.9443998336792","0.381199985742569",0.14
"DNAH17","4.07450008392334","0.455199986696243",0.14
"DNAH2","3.30960011482239","0.212699994444847",0.13
"DNAH3","1.86450004577637","0.419400006532669",0.15
"DNAH6","5.9407000541687","-0.149100005626678",0.16
"DNAH7","7.66580009460449","-0.20160000026226",0.14
"DNAH8","1.40639996528625","0.419699996709824",0.13
"DNAJB4","9.12919998168945","-0.466699987649918",0.13
"DNAJC2","9.04329967498779","-0.464899986982346",0.14
"DNAJC3","11.7839002609253","-0.459199994802475",0.14
"DNAJC6","8.94349956512451","-0.0210999995470047",0.14
"DNASE2","10.9728002548218","-0.333400011062622",0.14
"DNM1","7.81500005722046","0.0146000003442168",0.14
"DNM3","7.0738000869751","0.253100007772446",0.15
"DNMT3A","8.40410041809082","-0.142000004649162",0.15
"DNTTIP2","10.2298002243042","-0.447699993848801",0.14
"DOCK1","10.684100151062","0.328599989414215",0.13
"DOCK2","10.1410999298096","0.331400007009506",0.13
"DOCK3","2.57349991798401","0.401300013065338",0.15
"DOCK4","10.269700050354","0.35809999704361",0.14
"DOCK7","10.1871995925903","0.173700004816055",0.14
"DOK1","7.95779991149902","0.221000000834465",0.14
"DOK2","8.14280033111572","0.174700006842613",0.14
"DPYSL3","10.3372001647949","-0.0188999995589256",0.14
"DPYSL5","0.993099987506866","-0.410699993371964",0.15
"DRD2","1.5757999420166","-0.360900014638901",0.13
"DSC1","0","-0.069300003349781",0.13
"DSC2","9.48139953613281","-0.261599987745285",0.14
"DSCAM","1.86450004577637","0.425900012254715",0.15
"DSG1","1.21459996700287","0.418500006198883",0.14
"DSG3","0.41159999370575","0.443800002336502",0.14
"DSG4","0.41159999370575","0.401199996471405",0.14
"DSN1","8.59729957580566","-0.485300004482269",0.15
"DSP","11.2061996459961","0.0707999989390373",0.14
"DTX1","4.68720006942749","0.410400003194809",0.14
"DTX2","8.82759952545166","0.305900007486343",0.14
"DUOX1","4.77680015563965","0.389099985361099",0.14
"DYNC1H1","12.8458003997803","0.38510000705719",0.14
"DYNC2H1","9.36349964141846","-0.164800003170967",0.14
"DYNC2LI1","9.88510036468506","-0.481700003147125",0.15
"E2F1","7.92290019989014","0.366800010204315",0.14
"E2F8","5.9407000541687","-0.4341000020504",0.13
"E4F1","7.93660020828247","-0.432000011205673",0.16
"ECD","9.14360046386719","-0.443899989128113",0.13
"ECHDC1","9.92189979553223","-0.436300009489059",0.16
"ECT2","9.54790019989014","0.368699997663498",0.15
"EDNRA","9.3548002243042","0.30689999461174",0.15
"EED","8.07549953460693","-0.479099988937378",0.13
"EFTUD2","11.1659002304077","-0.444900006055832",0.14
"EGF","6.45669984817505","0.193900004029274",0.14
"EGFR","11.1471996307373","-0.0866999998688698",0.13
"EGR1","11.7315998077393","0.450700014829636",0.15
"EHHADH","12.8615999221802","-0.0855000019073486",0.15
"EIF2AK3","9.86890029907227","0.291900008916855",0.13
"ELAVL1","10.8662996292114","0.435799986124039",0.14
"ELL","8.86690044403076","-0.464300006628036",0.16
"ELL2","10.5179996490479","0.426600009202957",0.15
"ELL3","5.70529985427856","0.44200000166893",0.16
"ENAM","6.26560020446777","0.405699998140335",0.13
"ENGASE","8.35550022125244","0.416399985551834",0.15
"ENPP1","7.5738000869751","0.430999994277954",0.14
"EP400","10.2362003326416","0.470099985599518",0.13
"EPAS1","13.309100151062","-0.0895000025629997",0.14
"EPB41L1","12.1568002700806","-0.426499992609024",0.16
"EPB41L3","12.0531997680664","-0.319099992513657",0.14
"EPB41L5","9.04249954223633","-0.460900008678436",0.15
"EPC1","8.90610027313232","0.38510000705719",0.13
"EPHA1","6.41820001602173","-0.317699998617172",0.15
"EPHA2","10.2290000915527","0.310400009155273",0.13
"EPHA7","9.98340034484863","-0.364300012588501",0.16
"EPHB1","4.48939990997314","0.411500006914139",0.16
"EPHB2","7.79790019989014","0.234500005841255",0.13
"EPHB3","7.54860019683838","0.256900012493134",0.13
"EPHB4","9.61620044708252","0.38510000705719",0.15
"EPHB6","7.0233998298645","0.110100001096725",0.15
"EPN1","11.4785995483398","0.450399994850159",0.15
"EPPK1","8.44019985198975","0.338200002908707",0.14
"EPS15","10.8290996551514","0.368499994277954",0.15
"EPS8L2","11.7790002822876","-0.192200005054474",0.13
"ERBB2","11.6933002471924","-0.0526000000536442",0.16
"ERBB4","2.10489988327026","-0.427899986505508",0.13
"ERCC2","8.56589984893799","-0.397199988365173",0.14
"ERCC3","9.67329978942871","-0.463499993085861",0.15
"ERCC4","8.25150012969971","0.257200002670288",0.16
"ERCC5","10.4128999710083","-0.485500007867813",0.14
"ERCC6","7.70749998092651","-0.484499990940094",0.13
"ESPL1","7.21519994735718","-0.439999997615814",0.15
"ESR1","7.69140005111694","-0.0406000018119812",0.14
"ESR2","2.49119997024536","0.463600009679794",0.13
"ESRRG","8.93560028076172","-0.191599994897842",0.15
"ETS2","11.9429998397827","-0.063000001013279",0.15
"ETV6","10.2021999359131","0",0.15
"EVC","10.8996000289917","-0.0333999991416931",0.14
"EVC2","7.60099983215332","-0.481400012969971",0.14
"EVPL","8.41670036315918","-0.151899993419647",0.14
"EXO1","6.34980010986328","0.459199994802475",0.13
"EXOSC9","8.67090034484863","-0.473899990320206",0.15
"EXT1","9.82489967346191","0.0581000000238419",0.14
"EZH1","9.76270008087158","-0.0934000015258789",0.15
"EZH2","7.57880020141602","0.0785999968647957",0.15
"F13A1","10.8201999664307","0.418799996376038",0.14
"F2R","10.2945995330811","0.341300010681152",0.12
"F5","11.0328998565674","-0.454800009727478",0.14
"FAF1","9.69419956207275","-0.466199994087219",0.14
"FAF2","11.3199996948242","-0.476900011301041",0.15
"FAM13A","11.9434995651245","0.13060000538826",0.15
"FANCG","8.1274995803833","0.380400002002716",0.15
"FANCI","8.65830039978027","-0.473399996757507",0.16
"FANCM","6.18279981613159","-0.467400014400482",0.14
"FASN","9.59669971466064","0.301600009202957",0.15
"FAT1","13.5193004608154","0.328299999237061",0.14
"FBL","11.0041999816895","-0.475899994373322",0.14
"FBN1","10.246000289917","0.363599985837936",0.15
"FBN2","4.57180023193359","-0.023199999704957",0.13
"FBXO17","11.6183004379272","-0.198599994182587",0.15
"FBXO21","10.7136001586914","-0.142299994826317",0.14
"FBXO31","9.02429962158203","0.361299991607666",0.15
"FCAR","2.49119997024536","0.362199991941452",0.14
"FCER1A","10.5799999237061","0.257200002670288",0.14
"FCGR1A","7.83799982070923","0.325899988412857",0.14
"FCGRT","12.6023998260498","0.454299986362457",0.15
"FDFT1","10.4281997680664","-0.473300009965897",0.13
"FERMT2","9.52929973602295","0.0934000015258789",0.12
"FGA","10.1494998931885","0.433299988508224",0.16
"FGD4","9.77960014343262","-0.126499995589256",0.15
"FGF18","1.72739994525909","0.395999997854233",0.15
"FGF23","0.41159999370575","0.388399988412857",0.14
"FGFR2","10.3241996765137","0.141100004315376",0.14
"FGFR4","10.3786001205444","-0.154599994421005",0.13
"FGG","6.99009990692139","-0.108900003135204",0.13
"FGR","8.12580013275146","0.102099999785423",0.14
"FHL5","6.72779989242554","-0.329299986362457",0.15
"FLII","11.5722999572754","-0.378699988126755",0.14
"FLRT3","5.84450006484985","-0.436599999666214",0.14
"FLT1","13.7849998474121","0.38629999756813",0.14
"FLT3","4.68720006942749","-0.411799997091293",0.15
"FMNL1","9.77789974212646","0.048700001090765",0.14
"FN1","14.8767995834351","0.391400009393692",0.13
"FOXA1","0","-0.444400012493134",0.17
"FOXM1","8.54780006408691","0.421499997377396",0.14
"FPR2","4.84469985961914","0.240700006484985",0.16
"FRS3","6.18279981613159","-0.436899989843369",0.15
"FSHR","0","-0.0522000007331371",0.14
"FTSJ3","9.69939994812012","-0.460700005292892",0.14
"FUCA2","10.506199836731","-0.474799990653992",0.14
"FUS","11.3112001419067","-0.485100001096725",0.15
"FXR1","11.3339004516602","-0.479699999094009",0.14
"FZD1","11.4029998779297","-0.0403999984264374",0.15
"FZD2","5.86910009384155","-0.417499989271164",0.12
"FZD6","9.26239967346191","-0.452899992465973",0.14
"FZD7","8.23579978942871","0.127900004386902",0.15
"GAB2","8.97399997711182","0.32030001282692",0.14
"GABBR1","7.07030010223389","0.454299986362457",0.14
"GABBR2","1.21459996700287","-0.0854000002145767",0.15
"GABRA1","0.731400012969971","-0.443599998950958",0.14
"GABRA2","0","-0.0907000005245209",0.12
"GABRA4","0.731400012969971","-0.0529999993741512",0.13
"GABRA5","0","0.423000007867813",0.16
"GABRB1","0.41159999370575","-0.40149998664856",0.14
"GABRB2","2.4038999080658","-0.415399998426437",0.14
"GABRG2","0","0.314399987459183",0.13
"GABRG3","0","-0.248799994587898",0.15
"GAD1","5.39029979705811","-0.433800011873245",0.14
"GAD2","0","0.421900004148483",0.14
"GALNT1","10.6556997299194","0.043699998408556",0.15
"GALNT10","9.23740005493164","0.223000004887581",0.14
"GALNT11","11.6205997467041","0.375400006771088",0.15
"GALNT13","3.68770003318787","-0.126800000667572",0.16
"GALNT3","5.8024001121521","-0.414499998092651",0.16
"GALNT6","7.50460004806519","0.0549999997019768",0.15
"GALNT7","9.05770015716553","0.295700013637543",0.15
"GALNT8","0.731400012969971","0.43189999461174",0.14
"GALNTL5","0","0.272700011730194",0.13
"GAPVD1","9.99419975280762","-0.483399987220764",0.14
"GATA3","5.82779979705811","0.204099997878075",0.15
"GBE1","10.0754995346069","0.120700001716614",0.14
"GBP4","10.9081001281738","-0.227599993348122",0.14
"GBP5","9.00590038299561","0.430400013923645",0.14
"GBP7","5.25579977035522","0.424199998378754",0.14
"GCK","2.57349991798401","-0.383899986743927",0.14
"GCKR","2.31089997291565","-0.0878999978303909",0.16
"GEMIN4","8.90810012817383","-0.475199997425079",0.13
"GEMIN5","10.3867998123169","0.354699999094009",0.15
"GFRA2","6.83599996566772","-0.46900001168251",0.14
"GH2","0","0.208599999547005",0.14
"GHR","9.67969989776611","-0.375900000333786",0.14
"GHRHR","0","0.408800005912781",0.13
"GIGYF1","9.5605001449585","0.457300007343292",0.13
"GJA1","11.502799987793","0.09009999781847",0.14
"GK2","0","0.412000000476837",0.14
"GLB1","10.3510999679565","0.177499994635582",0.14
"GLCE","9.44019985198975","-0.0718000009655952",0.15
"GLE1","9.40970039367676","-0.445800006389618",0.12
"GLI1","4.35610008239746","-0.413500010967255",0.14
"GLI2","4.75930023193359","0.41609999537468",0.16
"GLI3","6.54610013961792","-0.401399999856949",0.16
"GNA11","9.05060005187988","0.165099993348122",0.14
"GNAS","13.7171001434326","-0.337000012397766",0.13
"GNAZ","8.72889995574951","-0.480599999427795",0.14
"GNB3","2.02870011329651","0.353500008583069",0.13
"GNL2","9.91110038757324","-0.479699999094009",0.15
"GNPAT","10.1091003417969","-0.436199992895126",0.15
"GNPTAB","10.7800998687744","-0.107699997723103",0.15
"GOLGA5","9.87040042877197","-0.480599999427795",0.15
"GOLGB1","13.1267004013062","-0.480399996042252",0.12
"GOLIM4","10.3821001052856","-0.455599993467331",0.16
"GP5","5.4015998840332","-0.356099992990494",0.15
"GPAM","7.77199983596802","-0.424600005149841",0.15
"GPATCH1","8.37860012054443","-0.485500007867813",0.14
"GPC2","2.10489988327026","-0.450399994850159",0.14
"GPC6","10.4626998901367","0.179800003767014",0.15
"GPHN","8.05949974060059","-0.404799997806549",0.15
"GPI","13.7924995422363","0.357600003480911",0.14
"GPR161","5.72349977493286","-0.45100000500679",0.15
"GPR37","5.541100025177","-0.39640000462532",0.14
"GPR39","7.7943000793457","-0.101099997758865",0.15
"GPR55","4.79409980773926","0.244599997997284",0.14
"GPR83","2.79559993743896","-0.251800000667572",0.14
"GPR84","6.71430015563965","0.148699998855591",0.15
"GPSM1","6.75899982452393","0.236900001764297",0.14
"GRB10","11.5066995620728","0.317600011825562",0.14
"GRB14","7.42369985580444","0.361000001430511",0.14
"GRB7","8.75339984893799","-0.0916000008583069",0.13
"GRHL1","7.04519987106323","0.341300010681152",0.16
"GRIA1","2.10489988327026","-0.433400005102158",0.16
"GRIA2","0","-0.209000006318092",0.13
"GRIA4","8.53699970245361","0.19820000231266",0.15
"GRIN2A","10.2179002761841","-0.416000008583069",0.14
"GRIN2B","3.2606999874115","-0.410199999809265",0.13
"GRIN2C","3.1577000617981","-0.413399994373322",0.13
"GRIN2D","5.90929985046387","0.13120000064373",0.14
"GRIN3A","5.33239984512329","0.415100008249283",0.15
"GRIP1","7.44570016860962","0.47859999537468",0.15
"GRM1","1.98969995975494","-0.417199999094009",0.14
"GRM2","1.5757999420166","0.0359000004827976",0.15
"GRM3","1.40639996528625","-0.393299996852875",0.14
"GRM4","0.41159999370575","-0.0269000008702278",0.15
"GRM5","6.02349996566772","0.0368999987840652",0.13
"GRM7","0.41159999370575","0.287299990653992",0.15
"GRM8","8.73890018463135","-0.158800005912781",0.14
"GRN","12.9209995269775","0.112999998033047",0.15
"GRXCR1","0","0.425300002098083",0.13
"GTSE1","6.64930009841919","-0.410100013017654",0.15
"GUSB","11.0383996963501","0.438499987125397",0.14
"GYS1","11.4059000015259","-0.486299991607666",0.15
"GZMA","7.72779989242554","0.261400014162064",0.13
"H2AFY2","8.40130043029785","-0.442099988460541",0.15
"HACE1","7.74340009689331","-0.478399991989136",0.13
"HADHB","12.4286003112793","-0.409299999475479",0.14
"HAL","2.10489988327026","0.221300005912781",0.16
"HAO1","0","0.140599995851517",0.14
"HDAC1","10.5820999145508","-0.460700005292892",0.14
"HDAC11","8.72659969329834","0.0724999979138374",0.14
"HDAC4","7.93660020828247","0.352600008249283",0.14
"HDAC5","9.57619953155518","0.0844999998807907",0.14
"HDAC9","7.20870018005371","-0.370900005102158",0.14
"HEATR1","10.1377000808716","-0.479900002479553",0.14
"HECW2","8.4055004119873","0.188800007104874",0.14
"HELQ","8.06669998168945","-0.484800010919571",0.13
"HERC1","10.4294996261597","0.4375",0.14
"HERC4","9.77740001678467","-0.462900012731552",0.14
"HGF","9.36559963226318","0.011400000192225",0.15
"HIP1","9.85249996185303","0.397199988365173",0.14
"HIPK2","13.2089004516602","-0.0719000026583672",0.12
"HIRA","9.48340034484863","-0.450899988412857",0.13
"HIST1H1C","10.4100999832153","-0.354499995708466",0.14
"HIST1H3B","0","-0.446900010108948",0.14
"HIST1H3F","0.41159999370575","-0.209299996495247",0.15
"HIST1H3G","1.72739994525909","-0.397399991750717",0.14
"HIST2H2BE","7.3899998664856","-0.428900003433228",0.16
"HJURP","6.61569976806641","0.0253999996930361",0.15
"HK2","11.3319997787476","-0.139400005340576",0.13
"HK3","5.79379987716675","0.313899993896484",0.15
"HKDC1","10.3353004455566","0.383199989795685",0.15
"HMGCS2","8.24209976196289","-0.0559000000357628",0.13
"HMGXB4","8.36709976196289","-0.480800002813339",0.15
"HNF1A","10.0501003265381","-0.0860999971628189",0.13
"HNRNPA2B1","13.1124000549316","-0.435099989175797",0.15
"HNRNPL","11.8760004043579","-0.481599986553192",0.15
"HNRNPM","11.3155002593994","-0.137299999594688",0.16
"HNRNPU","12.8790998458862","-0.452899992465973",0.14
"HNRNPUL1","12.3121995925903","-0.456499993801117",0.14
"HPN","12.1177997589111","-0.477400004863739",0.15
"HPSE","6.08099985122681","-0.442299991846085",0.13
"HRH1","8.92580032348633","-0.157700002193451",0.15
"HRNR","6.55620002746582","0.310499995946884",0.14
"HS3ST2","1.98969995975494","0.422199994325638",0.15
"HS6ST1","8.64920043945312","-0.364199995994568",0.14
"HSD11B1","2.4038999080658","0.263300001621246",0.15
"HSD17B4","11.9963998794556","-0.465299993753433",0.14
"HSP90AB1","14.6986999511719","-0.42969998717308",0.14
"HSP90B1","15.4623003005981","0.401199996471405",0.15
"HSPA2","7.7632999420166","0.34400001168251",0.15
"HSPA4","11.4350004196167","0.0281000006943941",0.16
"HSPA5","14.1038999557495","-0.468199998140335",0.14
"HSPA8","14.9455003738403","0.0954999998211861",0.15
"HSPD1","13.5514001846313","-0.485300004482269",0.14
"HSPG2","13.4181995391846","0.244000002741814",0.14
"HSPH1","10.5404996871948","0.426800012588501",0.16
"HTR1A","0","-0.0315999984741211",0.14
"HTR1B","2.49119997024536","-0.48309999704361",0.17
"HTR1D","2.10489988327026","0.304500013589859",0.14
"HTR1E","0","-0.0908000022172928",0.14
"HTR1F","4.01679992675781","0.467099994421005",0.17
"HTR3A","1.86450004577637","0.41839998960495",0.14
"HTR5A","0","0.0703999996185303",0.14
"HVCN1","8.20279979705811","0.12950000166893",0.13
"IDH1","10.6393995285034","-0.483300000429153",0.15
"IFI35","9.60099983215332","-0.432200014591217",0.14
"IFI44","8.90410041809082","0.28150001168251",0.14
"IFT172","9.92829990386963","-0.487800002098083",0.14
"IFT81","8.59479999542236","-0.472499996423721",0.15
"IFT88","9.23970031738281","-0.174500003457069",0.14
"IGF1R","10.3696002960205","0.172700002789497",0.14
"IGF2R","11.8910999298096","0.438699990510941",0.15
"IKBKB","9.42850017547607","0.344399988651276",0.15
"IKBKE","7.84009981155396","0.266499996185303",0.15
"IL10RB","10.335599899292","-0.481200009584427",0.14
"IL15","7.61079978942871","-0.474200010299683",0.15
"IL17RD","7.69369983673096","0.206499993801117",0.14
"IL22RA1","8.51249980926514","0.28889998793602",0.14
"IL22RA2","1.21459996700287","-0.063900001347065",0.15
"IL2RB","9.40060043334961","0.356799989938736",0.16
"IL4R","10.7774000167847","0.349799990653992",0.15
"IL5RA","1.86450004577637","0.140300005674362",0.14
"INO80","9.37790012359619","-0.420300006866455",0.15
"INPP5D","10.992600440979","0.0895000025629997",0.16
"INPP5J","3.61190009117126","0.381099998950958",0.14
"INPPL1","10.9694995880127","-0.438100010156631",0.14
"INSR","12.9663000106812","0.300399988889694",0.15
"INTS1","10.8734998703003","0.396600008010864",0.12
"INTS2","8.57369995117188","-0.473100006580353",0.16
"INTS3","10.5761995315552","0.0375000014901161",0.14
"INTS5","9.31190013885498","-0.293599992990494",0.14
"INTS7","8.47949981689453","-0.475300014019012",0.13
"INTS8","9.17959976196289","-0.488599985837936",0.14
"INTU","6.84429979324341","-0.44080001115799",0.13
"IPCEF1","7.85249996185303","0.225299999117851",0.15
"IPO8","10.9247999191284","-0.450199991464615",0.13
"IQCB1","8.96829986572266","-0.483799993991852",0.14
"IQGAP3","8.60709953308105","0.230199992656708",0.14
"IQSEC1","10.0887002944946","0.331400007009506",0.15
"IRAK2","7.93660020828247","-0.414600014686584",0.15
"IRF6","8.09829998016357","-0.011400000192225",0.15
"IRF9","9.73700046539307","0.433800011873245",0.14
"IRS1","8.55230045318604","0.384099990129471",0.15
"ISLR","3.75979995727539","0.336199998855591",0.12
"ITGA1","11.7784996032715","0.11879999935627",0.13
"ITGA10","6.41820001602173","0.439099997282028",0.16
"ITGA2","9.73169994354248","-0.417899996042252",0.14
"ITGA2B","3.53169989585876","-0.4442999958992",0.14
"ITGA4","10.0249004364014","0.0702999979257584",0.15
"ITGA6","11.5659999847412","-0.317400008440018",0.14
"ITGAD","2.10489988327026","0.361999988555908",0.14
"ITGAL","9.99790000915527","-0.173600003123283",0.15
"ITGAM","9.22550010681152","0.325500011444092",0.14
"ITGAV","13.1457004547119","0.204600006341934",0.13
"ITGAX","8.39850044250488","-0.428600013256073",0.13
"ITGB1","13.6298999786377","0.0751999989151955",0.13
"ITGB3","10.5577001571655","-0.130899995565414",0.16
"ITGB6","8.46609973907471","0.440600007772446",0.15
"ITIH2","1.86450004577637","0.442600011825562",0.13
"ITK","8.08430004119873","0.264099985361099",0.14
"ITPR1","10.1586999893188","0.216000005602837",0.15
"ITPR2","11.016900062561","0.195700004696846",0.14
"ITPR3","11.9856996536255","0.0467999987304211",0.14
"ITSN1","10.0145998001099","-0.471500009298325",0.14
"ITSN2","10.9004001617432","0.0450000017881393",0.14
"IVD","10.4926996231079","-0.412999987602234",0.14
"IWS1","9.63129997253418","0.212200000882149",0.14
"JAK1","12.829400062561","0.326099991798401",0.13
"JAK2","8.71870040893555","0.418000012636185",0.16
"JAK3","10.5420999526978","-0.106799997389317",0.17
"JARID2","8.23900032043457","0.413800001144409",0.16
"JMY","8.2992000579834","-0.402500003576279",0.15
"JUN","11.9708003997803","-0.411500006914139",0.14
"KALRN","9.63549995422363","0.468800008296967",0.13
"KAT2B","10.3334999084473","-0.460299998521805",0.15
"KCNA1","0.41159999370575","-0.224299997091293",0.15
"KCNA10","0","0.451200008392334",0.15
"KCNA3","6.23430013656616","0.119099996984005",0.13
"KCNA4","1.72739994525909","-0.276100009679794",0.14
"KCNA5","6.08799982070923","-0.468300014734268",0.16
"KCNAB1","6.54099988937378","0.366400003433228",0.12
"KCNAB2","8.77309989929199","0.069300003349781",0.13
"KCND2","0.41159999370575","-0.367300003767014",0.15
"KCND3","8.32320022583008","-0.482499986886978",0.15
"KCNF1","6.12260007858276","-0.371499985456467",0.14
"KCNG4","0","0.433499991893768",0.15
"KCNH1","1.21459996700287","-0.410400003194809",0.14
"KCNH3","3.2606999874115","0.2432000041008",0.14
"KCNH5","0","0.341600000858307",0.14
"KCNJ12","4.9867000579834","-0.456900000572205",0.15
"KCNJ15","11.1246995925903","-0.110799998044968",0.14
"KCNJ2","8.30819988250732","0.28659999370575",0.15
"KCNQ4","1.5757999420166","-0.162300005555153",0.14
"KDM1A","10.0165004730225","0.21170000731945",0.14
"KDM5B","10.236499786377","-0.249699994921684",0.15
"KDR","12.0635995864868","0.381900012493134",0.15
"KEAP1","10.5930004119873","-0.391400009393692",0.14
"KHK","12.6833000183105","-0.189099997282028",0.14
"KHSRP","10.9460000991821","0.446099996566772",0.14
"KIAA0319","5.56139993667603","-0.479499995708466",0.13
"KIAA1549","9.34529972076416","-0.00540000014007092",0.14
"KIF15","5.07410001754761","-0.406199991703033",0.12
"KIF17","6.59619998931885","-0.482199996709824",0.13
"KIF20A","8.00310039520264","0.43419998884201",0.14
"KIF2A","10.5981998443604","0.19879999756813",0.15
"KIF4B","3.44689989089966","-0.0714000016450882",0.14
"KIF5A","1.21459996700287","0.288800001144409",0.14
"KIF5C","6.27180004119873","0.39750000834465",0.13
"KIF7","6.50110006332397","-0.409200012683868",0.15
"KIFAP3","10.4006004333496","-0.423200011253357",0.16
"KIR2DL4","3.79460000991821","0.400200009346008",0.15
"KIR3DL1","2.30419993400574","0.144099995493889",0.14
"KIR3DL2","2.03800010681152","0.464100003242493",0.14
"KIT","7.76109981536865","-0.473600000143051",0.15
"KITLG","9.03880023956299","-0.187600001692772",0.14
"KLC1","9.46580028533936","0.405800014734268",0.15
"KLK3","0","0.417600005865097",0.13
"KLK5","0.731400012969971","0.393999993801117",0.16
"KLRC1","4.90950012207031","0.428900003433228",0.15
"KNTC1","8.92380046844482","-0.405600011348724",0.13
"KPNA2","9.28159999847412","-0.472799986600876",0.14
"KPNB1","11.9642000198364","-0.472099989652634",0.14
"KRAS","9.6697998046875","-0.474599987268448",0.14
"KSR2","3.04679989814758","-0.223900005221367",0.15
"LAMA1","9.49870014190674","-0.323900014162064",0.14
"LAMA2","5.83559989929199","-0.265899986028671",0.13
"LAMA3","11.1674003601074","0.0223999992012978",0.14
"LAMA4","12.1925001144409","0.165700003504753",0.13
"LAMA5","11.1134004592896","-0.286300003528595",0.16
"LAMB1","11.3039999008179","0.145199999213219",0.13
"LAMB2","12.2811002731323","-0.109999999403954",0.13
"LAMB3","11.6878004074097","0.0808999985456467",0.15
"LAMC1","12.7513999938965","0.392800003290176",0.14
"LAMC3","4.18340015411377","0.360900014638901",0.13
"LCE1C","1.86450004577637","-0.417600005865097",0.14
"LCT","0.993099987506866","0.453999996185303",0.14
"LDLR","6.26560020446777","-0.0394000001251698",0.14
"LEO1","8.49670028686523","-0.475199997425079",0.14
"LEPR","10.3210000991821","-0.0637999996542931",0.13
"LHCGR","0","0.394600003957748",0.14
"LIFR","9.97070026397705","-0.0710999965667725",0.14
"LIG1","9.86480045318604","-0.475499987602234",0.13
"LIG3","8.58870029449463","-0.48539999127388",0.14
"LILRA1","5.19610023498535","-0.0785000026226044",0.13
"LILRA4","3.68770003318787","0.411799997091293",0.13
"LILRB1","8.54599952697754","0.151199996471405",0.14
"LILRB3","5.73400020599365","0.442400008440018",0.15
"LIMK1","9.660400390625","-0.448000013828278",0.13
"LIMK2","11.2334003448486","0.214499995112419",0.14
"LIN54","8.52159976959229","-0.480300009250641",0.14
"LINGO1","7.42089986801147","0.396699994802475",0.15
"LLGL1","9.15950012207031","0.42620000243187",0.14
"LLGL2","9.28159999847412","-0.0342000015079975",0.14
"LMO7","10.3142004013062","-0.0379999987781048",0.13
"LMOD1","7.22790002822876","0.119699999690056",0.14
"LNX1","8.56369972229004","-0.151199996471405",0.15
"LONP2","11.2412996292114","-0.457899987697601",0.17
"LOXL4","8.97309970855713","0.281100004911423",0.13
"LPA","0","0.0775000005960464",0.15
"LPAR1","6.65409994125366","0.0835999995470047",0.15
"LPIN1","9.1112003326416","-0.252799987792969",0.15
"LPIN2","10.7243003845215","0.322800010442734",0.16
"LPIN3","9.93290042877197","-0.220799997448921",0.13
"LRIG1","9.10949993133545","0.0108000002801418",0.14
"LRP12","7.86889982223511","0.421200007200241",0.13
"LRP2","14.5906000137329","-0.10360000282526",0.13
"LRP5","10.8923997879028","-0.172600001096725",0.13
"LRP6","9.92829990386963","-0.191899999976158",0.13
"LRP8","5.04549980163574","0.388300001621246",0.15
"LRRC7","1.21459996700287","0.0746999979019165",0.15
"LRRFIP1","11.2705001831055","0.404799997806549",0.14
"LSM11","7.81279993057251","-0.43970000743866",0.15
"LTF","6.13619995117188","-0.125100001692772",0.14
"LYN","9.95440006256104","0.333600014448166",0.15
"MAD1L1","8.10869979858398","0.0108000002801418",0.14
"MAD2L1","7.30520009994507","-0.456000000238419",0.14
"MADD","10.0635004043579","-0.392899990081787",0.14
"MAG","0","0.388700008392334",0.14
"MALT1","10.8561000823975","-0.471399992704391",0.15
"MAML1","10.2178001403809","-0.313100010156631",0.16
"MAML3","7.96169996261597","0.277399986982346",0.13
"MAN2A1","10.5159997940063","0.120899997651577",0.15
"MAN2A2","9.77309989929199","-0.419699996709824",0.17
"MAN2B1","11.7033004760742","-0.0549999997019768",0.15
"MAP2K1","10.4085998535156","0.200699999928474",0.15
"MAP2K3","10.2678003311157","0.427100002765656",0.15
"MAP2K4","9.71129989624023","-0.416200011968613",0.15
"MAP3K1","10.4664001464844","-0.41389998793602",0.14
"MAP3K10","7.52549982070923","0.391499996185303",0.13
"MAP3K11","11.0567998886108","0.180099993944168",0.14
"MAP3K4","9.15030002593994","-0.41839998960495",0.12
"MAP3K5","9.82859992980957","-0.413700014352798",0.15
"MAP3K7","9.03610038757324","-0.459899991750717",0.13
"MAP3K8","6.71430015563965","-0.228000000119209",0.14
"MAP4K4","11.5354995727539","0.314099997282028",0.16
"MAPK4","0.993099987506866","-0.324699997901917",0.15
"MAPK6","9.42780017852783","-0.484400004148483",0.14
"MAPK7","8.21100044250488","-0.461199998855591",0.16
"MAPT","7.92490005493164","0.110600002110004",0.15
"MARK2","9.65340042114258","-0.430400013923645",0.15
"MBD5","8.86279964447021","-0.174600005149841",0.13
"MBTPS1","11.5981998443604","-0.442299991846085",0.15
"MC3R","0","-0.406899988651276",0.12
"MCCC1","9.74279975891113","0.200200006365776",0.13
"MCF2L","8.45390033721924","0.328399986028671",0.15
"MCM10","5.79379987716675","-0.481900006532669",0.13
"MCM3AP","10.8582000732422","-0.461499989032745",0.15
"MCM5","10.6301002502441","0.41389998793602",0.14
"MCM6","9.77420043945312","-0.465299993753433",0.15
"MCM7","10.6719999313354","0.375099986791611",0.14
"MCPH1","8.65219974517822","-0.0958999991416931",0.15
"MDM2","12.0322999954224","-0.464399993419647",0.14
"MDM4","9.05949974060059","-0.42849999666214",0.14
"MED1","10.2159004211426","0.275999993085861",0.14
"MEF2C","10.2774000167847","0.387600004673004",0.14
"MEF2D","10.4274997711182","0.236000001430511",0.14
"MELK","6.68219995498657","-0.469599992036819",0.15
"MERTK","9.22859954833984","-0.451200008392334",0.13
"MET","13.342399597168","0.419099986553192",0.13
"MFAP1","9.1653003692627","-0.455000013113022",0.12
"MFN1","9.58990001678467","-0.481099992990494",0.14
"MGAM","10.2558002471924","-0.0031999999191612",0.16
"MIA3","11.0441999435425","-0.476999998092651",0.14
"MIB1","9.75279998779297","-0.46849998831749",0.16
"MINPP1","9.81700038909912","-0.451700001955032",0.14
"MKI67","9.77799987792969","-0.415300011634827",0.14
"MLH1","8.84630012512207","-0.471700012683868",0.13
"MLH3","8.90709972381592","-0.441900014877319",0.15
"MMP14","12.112099647522","0.3817999958992",0.14
"MMP15","9.35330009460449","0.419800013303757",0.14
"MMP25","6.71369981765747","0.39300000667572",0.14
"MMP3","0","0.424699991941452",0.16
"MMRN1","9.67570018768311","0.285100013017654",0.15
"MNDA","8.74230003356934","0.27020001411438",0.13
"MOV10","9.97019958496094","-0.444900006055832",0.14
"MPHOSPH10","8.98810005187988","-0.480199992656708",0.14
"MPO","1.5757999420166","0.418099999427795",0.14
"MSH4","2.98799991607666","0.0542999990284443",0.15
"MSH5","6.63019990921021","-0.420300006866455",0.14
"MSH6","10.8296003341675","-0.469700008630753",0.14
"MTA2","10.0159997940063","0.322800010442734",0.14
"MTMR4","9.49740028381348","0.303799986839294",0.14
"MTOR","10.1428003311157","0.432900011539459",0.15
"MTSS1","9.96490001678467","-0.157100006937981",0.14
"MUC16","0.993099987506866","0.371899992227554",0.14
"MUC4","4.13000011444092","-0.0392999984323978",0.14
"MUC5B","0.41159999370575","0.472400009632111",0.15
"MUC6","0","0.149000003933907",0.14
"MUC7","0","-0.0248000007122755",0.13
"MUSK","0","0.400499999523163",0.13
"MUTYH","6.70130014419556","-0.452899992465973",0.14
"MX1","10.5256996154785","-0.266000002622604",0.14
"MX2","7.13609981536865","0.166199997067451",0.14
"MYB","2.31089997291565","0.321599990129471",0.14
"MYBBP1A","9.42790031433105","0.148499995470047",0.14
"MYBL1","8.92189979553223","-0.472900003194809",0.14
"MYBL2","7.4621000289917","-0.48199999332428",0.15
"MYF5","0","0.214000001549721",0.17
"MYF6","0.41159999370575","-0.140499994158745",0.14
"MYH11","11.0387001037598","0.357100009918213",0.14
"MYH4","0","0.236300006508827",0.16
"MYLK","12.9279003143311","0.358399987220764",0.13
"MYO10","10.7138996124268","0.00289999996311963",0.12
"MYO18A","10.8459997177124","0.0417999997735023",0.13
"MYSM1","7.14279985427856","-0.480599999427795",0.14
"NAA25","9.35910034179688","-0.460099995136261",0.13
"NASP","10.3142004013062","-0.472499996423721",0.14
"NAT10","9.9749002456665","-0.475300014019012",0.15
"NBEAL2","9.23890018463135","0.0395000018179417",0.14
"NBR1","12.4099998474121","-0.462099999189377",0.15
"NCAM1","5.64680004119873","0.444700002670288",0.14
"NCAN","1.98969995975494","-0.457300007343292",0.15
"NCAPD2","10.1645002365112","0.401300013065338",0.14
"NCF2","8.32170009613037","0.147400006651878",0.15
"NCF4","8.95009994506836","0.146599993109703",0.14
"NCL","12.980899810791","0.43520000576973",0.12
"NCOA2","9.79520034790039","-0.458799988031387",0.14
"NCOR1","11.2016000747681","0.288800001144409",0.13
"NCOR2","12.4224996566772","0.35589998960495",0.14
"NDC80","6.06680011749268","-0.457100003957748",0.14
"NDST1","12.1701002120972","0.26910001039505",0.14
"NEK1","8.67739963531494","-0.473100006580353",0.14
"NEK9","10.5468997955322","-0.478500008583069",0.16
"NELL2","4.86119985580444","0.346799999475479",0.14
"NEO1","10.4146003723145","0.197200000286102",0.14
"NEUROD1","0","-0.147300004959106",0.14
"NEUROG3","0","-0.472699999809265",0.14
"NF1","11.0614995956421","0.141100004315376",0.14
"NFASC","9.09619998931885","0.402900010347366",0.14
"NFATC1","7.69829988479614","0.11150000244379",0.13
"NFATC2","7.30830001831055","0.0873000025749207",0.14
"NFATC3","10.0733003616333","-0.457899987697601",0.16
"NFE2L2","11.6286001205444","-0.333999991416931",0.15
"NFKB1","10.829400062561","-0.0737000033259392",0.14
"NFRKB","9.28699970245361","0.418700009584427",0.13
"NGEF","8.81809997558594","0.360199987888336",0.14
"NHLRC1","5.90929985046387","-0.404199987649918",0.14
"NID1","11.851900100708","0.382600009441376",0.14
"NID2","8.48349952697754","-0.180000007152557",0.15
"NIPBL","10.9525003433228","-0.445699989795685",0.13
"NLGN1","9.89459991455078","0.156100004911423",0.14
"NLGN2","9.06490039825439","-0.0082999998703599",0.15
"NMD3","10.5916996002197","-0.478700011968613",0.14
"NOD1","7.97879981994629","0.411500006914139",0.15
"NOL6","9.33940029144287","-0.447699993848801",0.13
"NOP14","9.58390045166016","-0.429199993610382",0.15
"NOP2","9.17529964447021","-0.0829000025987625",0.15
"NOP58","9.58800029754639","-0.460900008678436",0.14
"NOS2","3.2606999874115","0.18970000743866",0.14
"NOS3","9.23569965362549","0.277599990367889",0.15
"NOTCH1","10.5072002410889","0.316599994897842",0.15
"NOTCH2","11.7493000030518","0.413800001144409",0.15
"NOTCH3","11.8149003982544","0.284200012683868",0.14
"NPAS2","10.1267004013062","0.212099999189377",0.14
"NPBWR1","2.21160006523132","-0.457199990749359",0.13
"NPFFR2","0.41159999370575","0.416500002145767",0.13
"NPHS1","2.31089997291565","-0.346799999475479",0.14
"NPLOC4","10.983699798584","-0.179100006818771",0.14
"NPY1R","6.47819995880127","0.33840000629425",0.14
"NPY2R","0","0.38740000128746",0.14
"NR2E1","5.8024001121521","-0.312000006437302",0.14
"NR4A2","6.42929983139038","-0.459899991750717",0.13
"NRBP1","11.4554004669189","-0.466399997472763",0.15
"NRF1","8.23099994659424","-0.442299991846085",0.13
"NRG1","5.7765998840332","-0.214200004935265",0.14
"NRG2","6.65409994125366","0.235599994659424",0.14
"NRG3","7.34390020370483","-0.320499986410141",0.14
"NRIP1","11.2490997314453","-0.19310000538826",0.14
"NRP1","13.5820999145508","0.358000010251999",0.15
"NSMAF","9.38379955291748","-0.479699999094009",0.13
"NTHL1","6.84849977493286","-0.476599991321564",0.14
"NTRK1","1.21459996700287","0.157800003886223",0.14
"NTRK2","7.99569988250732","-0.383199989795685",0.13
"NTRK3","3.57240009307861","-0.479499995708466",0.14
"NUDT7","7.0738000869751","-0.478100001811981",0.16
"NUMBL","7.03070020675659","-0.446099996566772",0.13
"NUP133","10.0183000564575","0.0236000008881092",0.14
"NUP153","10.0763998031616","-0.443500012159348",0.15
"NUP155","9.36639976501465","-0.467000007629395",0.14
"NUP210","9.92389965057373","0.0835999995470047",0.15
"NUP214","10.4385004043579","-0.469099998474121",0.14
"NUP43","9.3193998336792","-0.475300014019012",0.13
"NUP62","10.805100440979","0.234099999070168",0.13
"NUP93","9.23340034484863","0.390100002288818",0.15
"NXF1","10.552300453186","-0.468600004911423",0.13
"OAS1","11.1091003417969","-0.441799998283386",0.14
"OAS2","10.2444000244141","0.0676999986171722",0.15
"OAS3","10.8689002990723","-0.478500008583069",0.14
"OLFM4","0.41159999370575","0.219799995422363",0.15
"OPN4","4.46799993515015","0.224800005555153",0.12
"OPRL1","5.8024001121521","0.384700000286102",0.13
"OPRM1","0","0.422100007534027",0.14
"OPTN","12.0368003845215","0.0830999985337257",0.14
"OTUD7B","9.14529991149902","-0.357899993658066",0.13
"OXER1","6.27799987792969","0.112099997699261",0.15
"OXSM","7.54349994659424","-0.427199989557266",0.14
"P4HA1","11.9573001861572","0.00999999977648258",0.16
"PADI2","8.95400047302246","0.192699998617172",0.14
"PAG1","9.95730018615723","-0.334800004959106",0.13
"PAK1","10.4100999832153","-0.379900008440018",0.14
"PAK4","10.1000003814697","-0.383599996566772",0.13
"PANK4","8.45390033721924","0.44879999756813",0.14
"PAPOLA","11.5364999771118","-0.459300011396408",0.13
"PARP1","11.4280004501343","0.387499988079071",0.15
"PARP4","12.1091003417969","-0.410299986600876",0.14
"PARVA","10.7004995346069","0.4408999979496",0.15
"PAX5","1.21459996700287","0.247299998998642",0.14
"PCBP2","13.8298997879028","0.308200001716614",0.14
"PDCD10","9.06750011444092","-0.486600011587143",0.14
"PDCD11","10.0776996612549","-0.48199999332428",0.14
"PDE6B","7.8730001449585","-0.451299995183945",0.14
"PDGFRA","5.71260023117065","-0.117899999022484",0.14
"PDGFRB","11.7398996353149","0.252799987792969",0.13
"PDLIM7","8.62889957427979","0.287099987268448",0.13
"PDS5A","11.5373001098633","-0.46849998831749",0.14
"PDS5B","9.41460037231445","0.407299995422363",0.14
"PDYN","0","-0.0423999987542629",0.14
"PES1","10.8401002883911","-0.475800007581711",0.14
"PFKM","10.4399003982544","0.45210000872612",0.16
"PFKP","13.3468999862671","0.199599996209145",0.14
"PGM2","9.28390026092529","-0.437999993562698",0.15
"PGM5","7.83599996566772","-0.272899985313416",0.14
"PHC2","11.8138999938965","-0.165099993348122",0.13
"PHF12","9.40060043334961","0.210700005292892",0.14
"PHF19","8.15789985656738","0.13120000064373",0.17
"PHKB","11.3070001602173","-0.450399994850159",0.14
"PIAS2","8.4153003692627","0.107299998402596",0.14
"PIH1D1","10.049599647522","-0.433200001716614",0.15
"PIK3C2A","10.8083000183105","0.416700005531311",0.13
"PIK3CB","11.1415004730225","0.0124000003561378",0.14
"PIK3CD","9.17360019683838","0.293300002813339",0.14
"PIK3CG","8.10700035095215","0.239999994635582",0.14
"PIK3R1","12.4254999160767","-0.436899989843369",0.14
"PIK3R2","10.4772996902466","-0.463699996471405",0.14
"PIK3R5","8.77089977264404","0.217399999499321",0.16
"PIK3R6","5.48899984359741","0.0260000005364418",0.13
"PIP4K2C","10.1232004165649","-0.443699985742569",0.15
"PIP5K1C","10.1288003921509","0.276699990034103",0.15
"PITPNM1","9.69250011444092","-0.427500009536743",0.14
"PITX2","6.21519994735718","-0.163200005888939",0.14
"PKN1","11.4426002502441","-0.204500004649162",0.14
"PKN2","10.1577997207642","-0.488400012254715",0.15
"PKN3","7.16620016098022","0.338299989700317",0.14
"PKP1","7.18270015716553","-0.371100008487701",0.14
"PKP2","8.73779964447021","0.254799991846085",0.14
"PLA2G4A","6.20879983901978","-0.431100010871887",0.14
"PLAU","10.2632999420166","0.322200000286102",0.17
"PLCB1","11.0251998901367","-0.436199992895126",0.14
"PLCB2","8.86989974975586","0.196799993515015",0.16
"PLCB4","7.91309976577759","-0.210400000214577",0.15
"PLCD4","5.45690011978149","-0.0179999992251396",0.14
"PLCE1","9.847900390625","-0.28889998793602",0.16
"PLCG1","10.3175001144409","-0.0294000003486872",0.13
"PLCG2","9.56239986419678","0.323900014162064",0.14
"PLCZ1","0","0.447800010442734",0.13
"PLD1","10.5201997756958","0.273099988698959",0.13
"PLEKHG2","9.52089977264404","0.340099990367889",0.14
"PLIN2","14.3341999053955","0.0645999982953072",0.15
"PLK2","10.4218997955322","0.423200011253357",0.15
"PLK4","6.33809995651245","-0.435600012540817",0.13
"PLXNB1","9.31270027160645","-0.0538000017404556",0.13
"PLXNB2","13.7193002700806","-0.220400005578995",0.15
"PLXND1","11.7732000350952","0.301499992609024",0.15
"PMEPA1","11.0808000564575","0.386000007390976",0.15
"PMS1","7.95979976654053","-0.485700011253357",0.14
"PMS2","9.81649971008301","0.321900010108948",0.14
"POLA2","8.28090000152588","0.227699995040894",0.15
"POLD1","8.48610019683838","0.332599997520447",0.15
"POLE","9.05770015716553","0.25560000538826",0.15
"POLN","5.30700016021729","0.459100008010864",0.13
"POLR1B","9.26630020141602","0.42059999704361",0.13
"POLR2A","11.853099822998","-0.171100005507469",0.14
"POLR3A","9.14869976043701","-0.441799998283386",0.17
"POM121","11.2712001800537","0.372399985790253",0.15
"POU2F1","7.09829998016357","-0.463899999856949",0.12
"POU4F2","0","-0.151500001549721",0.14
"PPARA","10.6821002960205","-0.290300011634827",0.13
"PPARG","7.76980018615723","-0.135299995541573",0.14
"PPARGC1A","8.49540042877197","-0.0785999968647957",0.13
"PPARGC1B","5.53090000152588","-0.474999994039536",0.14
"PPM1L","7.8951997756958","-0.466399997472763",0.14
"PPP1R13L","9.79950046539307","-0.144400000572205",0.16
"PPP1R15B","10.3078002929688","-0.462900012731552",0.14
"PPP1R3A","0","0.346799999475479",0.14
"PPP2R1A","12.5888996124268","-0.431699991226196",0.15
"PPP2R5B","8.76760005950928","-0.433999985456467",0.13
"PPP2R5D","9.59360027313232","-0.468300014734268",0.15
"PPP3CA","9.75660037994385","0.382699996232986",0.14
"PPP4R2","7.5019998550415","-0.432599991559982",0.15
"PPRC1","9.36060047149658","0.372099995613098",0.14
"PRCC","9.97970008850098","-0.481200009584427",0.14
"PRDM1","9.40270042419434","0.256000012159348",0.14
"PRDM14","1.40639996528625","-0.429500013589859",0.15
"PRDX1","12.7558002471924","0.225199997425079",0.14
"PRICKLE2","7.8668999671936","-0.163200005888939",0.14
"PRKAA1","10.9024000167847","-0.478100001811981",0.16
"PRKACG","0","-0.427899986505508",0.15
"PRKCA","10.875","-0.062100000679493",0.14
"PRKCB","8.05060005187988","0.458400011062622",0.13
"PRKCD","9.24289989471436","0.182899996638298",0.15
"PRKCH","9.61200046539307","0.285400003194809",0.13
"PRKCQ","8.45119953155518","0.0238000005483627",0.15
"PRKD1","8.08080005645752","-0.0368999987840652",0.16
"PRLR","7.9423999786377","0.413100004196167",0.13
"PRMT5","9.89210033416748","-0.445600003004074",0.14
"PRMT7","9.31719970703125","-0.482300013303757",0.14
"PROC","4.35610008239746","0.11259999871254",0.14
"PROS1","12.6648998260498","-0.455099999904633",0.14
"PRPF19","10.8062000274658","-0.375099986791611",0.15
"PRPF3","8.96549987792969","-0.439599990844727",0.14
"PRPF39","8.19410037994385","-0.45320001244545",0.14
"PRPF4","9.30140018463135","-0.470099985599518",0.14
"PRPF6","11.4906997680664","-0.401300013065338",0.14
"PRPF8","12.9349002838135","-0.441700011491776",0.13
"PSEN2","8.53320026397705","0.407400012016296",0.14
"PSG1","0.41159999370575","0.10080000013113",0.15
"PSG11","0","0.426999986171722",0.14
"PSG3","0","0.0377000011503696",0.14
"PSG6","0","0.360300004482269",0.16
"PSG8","0","0.37950000166893",0.14
"PSMC6","9.9394998550415","-0.47859999537468",0.15
"PSMD1","10.6899003982544","0.4307000041008",0.15
"PSMD11","10.1094999313354","-0.464199990034103",0.14
"PSMD12","9.49600028991699","-0.428900003433228",0.14
"PSMD3","11.0183000564575","-0.475300014019012",0.14
"PSMD4","10.979700088501","-0.474200010299683",0.14
"PTBP1","12.1593999862671","0.454299986362457",0.14
"PTCH1","7.69369983673096","-0.297800004482269",0.14
"PTGER2","7.59609985351562","0.347600013017654",0.16
"PTGER3","7.85150003433228","0.398999989032745",0.15
"PTHLH","9.67039966583252","-0.363999992609024",0.15
"PTK2","10.9899997711182","0.396100014448166",0.11
"PTK2B","9.54790019989014","-0.288500010967255",0.14
"PTPN13","10.4767999649048","-0.0644999966025352",0.13
"PTPN14","9.07199954986572","0.212400004267693",0.16
"PTPN2","8.86590003967285","-0.48769998550415",0.14
"PTPN22","7.57630014419556","0.304399996995926",0.15
"PTPN23","9.36060047149658","0.418700009584427",0.16
"PTPN3","9.8306999206543","-0.41949999332428",0.16
"PTPN4","7.43200016021729","0.385199993848801",0.15
"PTPN9","9.90260028839111","0.308099985122681",0.14
"PTPRB","10.7621002197266","0.354400008916855",0.16
"PTPRC","11.1408996582031","0.373100012540817",0.13
"PTPRJ","10.1817998886108","0.232500001788139",0.14
"PTPRO","7.63740015029907","-0.467799991369247",0.15
"PTPRU","10.7796001434326","-0.357600003480911",0.15
"PTPRZ1","0","0.351799994707108",0.14
"PUM1","11.1113996505737","0.0910999998450279",0.14
"PWP2","8.77089977264404","0.439300000667572",0.14
"PYGB","11.2503004074097","0.097800001502037",0.14
"PYGL","10.8593997955322","-0.474299997091293",0.13
"PYGM","5.32049989700317","0.337199985980988",0.13
"QSOX1","12.4996004104614","0.060699999332428",0.14
"RAB3GAP1","10.8176002502441","-0.443699985742569",0.15
"RAB3GAP2","10.1871995925903","-0.44539999961853",0.15
"RAD54L","5.81090021133423","-0.487399995326996",0.14
"RAF1","10.545599937439","0.341600000858307",0.15
"RAI1","9.28779983520508","0.0826999992132187",0.16
"RALBP1","10.390700340271","0.144600003957748",0.14
"RANGAP1","9.98859977722168","0.429800003767014",0.15
"RAPGEF1","11.1547002792358","0.241600006818771",0.15
"RASA3","9.53509998321533","-0.241799995303154",0.14
"RASAL2","9.83749961853027","0.376899987459183",0.14
"RASGRF2","7.78940010070801","-0.00219999998807907",0.14
"RASGRP2","6.75899982452393","-0.0518000014126301",0.13
"RASGRP4","6.70060014724731","0.432200014591217",0.14
"RB1","11.2441997528076","-0.239199995994568",0.15
"RB1CC1","10.5520000457764","-0.477400004863739",0.15
"RBL1","7.40700006484985","-0.412200003862381",0.13
"RBM14","9.40279960632324","-0.471100002527237",0.13
"RBM28","8.28090000152588","0.416599988937378",0.14
"RBM5","9.44009971618652","-0.433099985122681",0.14
"RCC1","8.58059978485107","-0.34850001335144",0.14
"RECQL4","6.16300010681152","0.372599989175797",0.14
"REL","6.40140008926392","-0.460900008678436",0.16
"REST","8.40970039367676","-0.410100013017654",0.15
"RET","3.21009993553162","-0.453399986028671",0.14
"REV1","9.10000038146973","-0.168200001120567",0.15
"REV3L","9.08339977264404","0.341600000858307",0.15
"RFC1","10.6318998336792","-0.481900006532669",0.13
"RFC4","8.44569969177246","-0.483300000429153",0.14
"RFFL","10.1491003036499","-0.11599999666214",0.14
"RHOA","12.4615001678467","-0.471399992704391",0.16
"RHOBTB2","8.73579978942871","0.114900000393391",0.13
"RHOT1","9.71930027008057","-0.481700003147125",0.14
"RIN1","8.08259963989258","-0.09740000218153",0.15
"RIPK1","10.1240997314453","0.39410001039505",0.15
"RIPK3","6.20879983901978","-0.109899997711182",0.14
"RNF111","9.45860004425049","-0.426999986171722",0.14
"RNF20","10.0315999984741","0.325300008058548",0.15
"RNF213","12.7580003738403","-0.456000000238419",0.13
"RNF220","9.85169982910156","-0.441700011491776",0.14
"RNF31","9.07759952545166","-0.0274999998509884",0.15
"ROBO1","8.13259983062744","-0.427500009536743",0.15
"ROBO2","2.4038999080658","-0.287499994039536",0.15
"ROCK2","10.56369972229","-0.36829999089241",0.16
"ROR1","6.08799982070923","-0.0577999986708164",0.15
"ROR2","8.2278995513916","-0.33899998664856",0.13
"RPAP2","7.9443998336792","-0.467900007963181",0.14
"RPGRIP1L","9.55739974975586","-0.48769998550415",0.15
"RPN1","13.0423002243042","-0.483700007200241",0.14
"RPP40","5.67770004272461","-0.460399985313416",0.14
"RPRD1B","9.5560998916626","-0.406199991703033",0.15
"RPS6KA1","10.3510999679565","0.144600003957748",0.15
"RPS6KA2","10.1661996841431","0.334600001573563",0.13
"RPS6KA5","6.89720010757446","-0.00400000018998981",0.14
"RPS6KB2","8.87090015411377","-0.483000010251999",0.15
"RPTOR","9.71640014648438","0.3125",0.14
"RRAGD","8.65040016174316","0.108800001442432",0.14
"RRM1","10.3051996231079","-0.465799987316132",0.15
"RRP1","8.31719970703125","-0.479699999094009",0.13
"RRP12","9.42160034179688","-0.17739999294281",0.14
"RRP9","6.58629989624023","0.423500001430511",0.14
"RXFP1","4.70559978485107","0.387899994850159",0.13
"RXFP3","0","-0.481099992990494",0.14
"RYR1","7.85249996185303","0.377000004053116",0.13
"RYR2","5.84450006484985","0.359800010919571",0.15
"SAFB2","10.1077995300293","0.061999998986721",0.15
"SALL1","11.1904001235962","-0.41100001335144",0.13
"SALL4","0.993099987506866","0.326400011777878",0.13
"SAMHD1","10.6333999633789","-0.417600005865097",0.14
"SAP130","9.31490039825439","-0.463299989700317",0.14
"SART1","9.26700019836426","-0.412299990653992",0.15
"SCARA3","9.89809989929199","-0.426099985837936",0.15
"SCCPDH","10.2025995254517","-0.433999985456467",0.14
"SCN10A","0","-0.115699999034405",0.13
"SCN1A","1.5757999420166","0.446999996900558",0.14
"SCN3A","6.8931999206543","0.40650001168251",0.14
"SCN4A","4.0460000038147","0.378699988126755",0.13
"SCN8A","6.75010013580322","0.0227000005543232",0.14
"SCRIB","9.33430004119873","0.268700003623962",0.14
"SCYL2","9.94289970397949","-0.467200011014938",0.15
"SDC1","13.2948999404907","-0.183400005102158",0.14
"SEC13","10.0790004730225","0.349900007247925",0.14
"SEC14L1","11.6388998031616","0.375699996948242",0.14
"SEC24C","11.6782999038696","-0.455099999904633",0.15
"SELP","8.00870037078857","0.347299993038177",0.14
"SEMA3A","4.86119985580444","0.402099996805191",0.13
"SEMA3C","10.2455997467041","-0.395099997520447",0.15
"SEMA4F","7.96169996261597","-0.482499986886978",0.14
"SEMA4G","9.72630023956299","-0.19149999320507",0.15
"SEMG1","0","-0.179399996995926",0.15
"SERPINA1","16.5373992919922","-0.23989999294281",0.13
"SERPINA5","7.50729990005493","0.412600010633469",0.14
"SERPINB3","0","0.217700004577637",0.15
"SERPINC1","1.21459996700287","0.290800005197525",0.15
"SERPINF1","9.73439979553223","0.259600013494492",0.14
"SERPING1","14.6176996231079","-0.386500000953674",0.13
"SF3B2","11.7630996704102","-0.480100005865097",0.13
"SF3B3","12.2559003829956","-0.454299986362457",0.15
"SF3B4","9.97399997711182","0.410199999809265",0.14
"SGIP1","5.8024001121521","0.409700006246567",0.15
"SH2D2A","6.92500019073486","0.248799994587898",0.14
"SH2D3C","8.8769998550415","-0.0187999997287989",0.14
"SH3BP5","10.100700378418","-0.0463000014424324",0.14
"SH3GL2","0.993099987506866","-0.372599989175797",0.15
"SHANK1","1.72739994525909","-0.272399991750717",0.15
"SHC4","3.61190009117126","-0.398900002241135",0.13
"SIPA1L1","11.1266002655029","0.449299991130829",0.14
"SIRPG","6.06680011749268","0.0153999999165535",0.15
"SKA1","5.14309978485107","-0.485300004482269",0.14
"SLC12A3","2.10489988327026","0.442099988460541",0.14
"SLC25A12","9.20790004730225","-0.423900008201599",0.14
"SLC25A13","10.0325002670288","0.398799985647202",0.15
"SLC27A5","6.7548999786377","0.227400004863739",0.15
"SLC2A3","11.3565998077393","-0.465200006961823",0.15
"SLC6A4","1.21459996700287","0.415800005197525",0.13
"SLCO4C1","11.5093002319336","-0.436300009489059",0.15
"SMAD2","10.3521995544434","-0.482300013303757",0.14
"SMAD3","10.661600112915","-0.11259999871254",0.14
"SMARCA2","11.2024002075195","-0.421400010585785",0.14
"SMARCA4","11.0136995315552","0.369899988174438",0.14
"SMARCAL1","9.30889987945557","-0.445699989795685",0.16
"SMARCC1","10.201000213623","-0.39070001244545",0.14
"SMARCC2","11.4490995407104","-0.486799985170364",0.12
"SMC2","8.90610027313232","-0.478899985551834",0.13
"SMC3","10.1912002563477","-0.477600008249283",0.13
"SMC5","9.125","-0.456099987030029",0.13
"SMO","9.97679996490479","-0.482199996709824",0.16
"SMURF2","8.85149955749512","0.382499992847443",0.13
"SNAP25","8.35990047454834","-0.451200008392334",0.14
"SNAP91","0","-0.0217000003904104",0.14
"SNAPC1","7.60839986801147","-0.462700009346008",0.14
"SNAPC3","8.43470001220703","-0.436800003051758",0.14
"SND1","12.7224998474121","-0.472699999809265",0.14
"SNRNP200","12.3985004425049","-0.0322999991476536",0.15
"SNRPN","10.6329002380371","-0.105200000107288",0.14
"SNX9","10.2681999206543","-0.430099993944168",0.15
"SOCS6","9.15540027618408","0.197899997234344",0.15
"SORBS1","12.0346002578735","0.113300003111362",0.14
"SORBS3","10.7676000595093","0.336499989032745",0.14
"SORT1","11.9317998886108","-0.287900000810623",0.15
"SOS1","10.9523000717163","0.387100011110306",0.14
"SOS2","9.61439990997314","0.0166999995708466",0.14
"SP100","11.2792997360229","-0.441700011491776",0.12
"SP3","10.9097995758057","-0.471399992704391",0.15
"SPAG5","7.1793999671936","-0.327399998903275",0.14
"SPAG9","11.6870002746582","0.38170000910759",0.14
"SPARCL1","13.4218997955322","0.25450000166893",0.15
"SPATA13","9.13169956207275","0.175500005483627",0.12
"SPG7","10.2750997543335","0.445199996232986",0.13
"SPI1","9.7741003036499","0.252400010824203",0.14
"SPOP","9.85249996185303","-0.471399992704391",0.15
"SPOPL","9.72039985656738","-0.480800002813339",0.14
"SPRED1","10.4937000274658","0.0988999977707863",0.15
"SPRY1","10.1288003921509","0.281399995088577",0.14
"SPTA1","2.49119997024536","0.330799996852875",0.13
"SPTAN1","12.3189001083374","0.422300010919571",0.15
"SPTB","5.64949989318848","0.237900003790855",0.14
"SPTBN2","4.86119985580444","0.0781000033020973",0.13
"SPTBN4","5.12960004806519","-0.396699994802475",0.13
"SPTBN5","2.21880006790161","-0.0833000019192696",0.14
"SQSTM1","14.1183004379272","0.299800008535385",0.15
"SREBF1","10.6992998123169","0.321599990129471",0.12
"SRGAP2","10.2952995300293","0.294099986553192",0.15
"SRPK2","9.35990047454834","-0.440299987792969",0.15
"SRRM2","13.4604997634888","0.467000007629395",0.14
"SS18","10.4861001968384","-0.478399991989136",0.15
"SSH3","9.4552001953125","-0.0895000025629997",0.15
"SSRP1","11.5548000335693","-0.486999988555908",0.14
"ST3GAL3","8.43200016021729","-0.204699993133545",0.13
"ST6GALNAC1","2.31089997291565","0.285699993371964",0.15
"STAG1","10.2503995895386","-0.156700000166893",0.15
"STAM2","9.64630031585693","-0.461699992418289",0.14
"STAMBP","9.65989971160889","0.177799999713898",0.16
"STAP1","3.86159992218018","0.135499998927116",0.15
"STAT1","12.4337997436523","0.375",0.15
"STAT3","12.3529996871948","0.201800003647804",0.16
"STAT5A","9.67220020294189","0.0603000000119209",0.15
"STAT5B","11.345100402832","-0.0957000032067299",0.14
"STIM1","10.9547004699707","-0.0966000035405159",0.15
"STK10","10.081600189209","0.216900005936623",0.15
"STK11IP","8.68319988250732","0.24439999461174",0.14
"STON1","9.07880020141602","0.218999996781349",0.14
"STON2","9.5201997756958","0.0430999994277954",0.15
"STT3B","10.1850996017456","-0.474999994039536",0.14
"STXBP1","8.88010025024414","-0.46399998664856",0.14
"STXBP5","7.6746997833252","0.318699985742569",0.13
"STXBP5L","0.993099987506866","0.0196000002324581",0.14
"SUOX","9.62349987030029","-0.375200003385544",0.15
"SUPT16H","10.5072002410889","-0.478500008583069",0.14
"SUPT6H","11.4371004104614","0.375600010156631",0.14
"SYK","10.1838998794556","-0.299600005149841",0.14
"SYMPK","10.8589000701904","-0.396299988031387",0.14
"SYNCRIP","11.1876001358032","-0.367500007152557",0.16
"SYNGAP1","7.25309991836548","0.452899992465973",0.14
"SYNJ1","8.87090015411377","-0.420700013637543",0.13
"SYNJ2","7.89919996261597","0.409599989652634",0.15
"SYNRG","10.6662998199463","0.391299992799759",0.14
"SYT11","8.97679996490479","0.0930000022053719",0.13
"SYT5","4.3326997756958","-0.483900010585785",0.15
"SYT9","8.58619976043701","-0.337500005960464",0.14
"TAAR1","0.731400012969971","0.408899992704391",0.14
"TAAR9","0","0.290499985218048",0.15
"TACC1","11.4411001205444","-0.0337000004947186",0.15
"TACC3","8.3641996383667","0.239500001072884",0.15
"TAF5","6.31430006027222","0.407499998807907",0.13
"TAF5L","8.52029991149902","0.431400001049042",0.14
"TAGAP","8.25930023193359","0.347699999809265",0.13
"TANC1","9.62590026855469","0.323100000619888",0.16
"TAOK1","8.84939956665039","-0.468699991703033",0.14
"TAOK2","10.3401002883911","0.318800002336502",0.13
"TAOK3","10.569299697876","-0.16889999806881",0.15
"TAX1BP1","12.0530004501343","-0.462500005960464",0.15
"TBL3","9.73110008239746","-0.438100010156631",0.14
"TBX5","0.41159999370575","0.116700001060963",0.14
"TCEA1","10.1003999710083","-0.469799995422363",0.14
"TCERG1","9.69130039215088","0.371300011873245",0.12
"TCF12","10.2397003173828","0.13400000333786",0.15
"TCF3","9.39280033111572","0.398099988698959",0.13
"TCHH","3.65030002593994","0.413100004196167",0.13
"TDRD3","8.45250034332275","-0.467000007629395",0.14
"TEC","6.23430013656616","-0.30460000038147",0.14
"TEK","8.73449993133545","0.234300002455711",0.15
"TELO2","8.73110008239746","-0.434799998998642",0.14
"TEP1","9.55099964141846","0.458200007677078",0.13
"TF","9.73999977111816","0.321299999952316",0.16
"TFAP2A","1.40639996528625","0.342299997806549",0.14
"TFAP2B","0","-0.210899993777275",0.13
"TFAP2C","3.89409995079041","-0.41049998998642",0.13
"TFIP11","9.68719959259033","0.416900008916855",0.15
"TFR2","5.64949989318848","-0.418199986219406",0.14
"TG","4.94089984893799","0.275700002908707",0.15
"TGFBI","17.8600006103516","-0.217800006270409",0.14
"TGM1","3.82850003242493","0.177599996328354",0.15
"TGM2","14.9338998794556","0.35139998793602",0.14
"TGM5","0.993099987506866","0.0441000014543533",0.14
"TIAM2","5.48950004577637","0.42399999499321",0.14
"TIMP3","12.3381004333496","0.0362999998033047",0.15
"TKTL2","0.41159999370575","0.404000014066696",0.16
"TLE1","8.6515998840332","-0.238900005817413",0.13
"TLE2","7.78499984741211","-0.445600003004074",0.14
"TLE3","10.4371004104614","0.19650000333786",0.14
"TLL1","8.11390018463135","-0.392300009727478",0.16
"TLN2","11.0048999786377","0.0052000000141561",0.15
"TLR3","11.2614002227783","-0.407000005245209",0.15
"TMEM30A","11.8010997772217","0.0570000000298023",0.15
"TMEM63A","11.5123996734619","-0.18809999525547",0.14
"TMPRSS6","6.27799987792969","0.306800007820129",0.15
"TNC","10.872200012207","0.370999991893768",0.14
"TNFAIP3","10.924599647522","0.348100006580353",0.14
"TNFRSF8","4.15689992904663","0.0856999978423119",0.13
"TNKS2","10.638500213623","-0.0513000003993511",0.13
"TNPO1","11.1577997207642","-0.482600003480911",0.15
"TNR","1.21459996700287","0.00109999999403954",0.15
"TNRC6A","10.2444000244141","-0.48759999871254",0.14
"TNRC6B","9.61200046539307","0.050500001758337",0.13
"TNS1","13.9981002807617","-0.0982000008225441",0.16
"TNS3","12.7398996353149","0.259999990463257",0.13
"TNS4","2.72530007362366","0.439900010824203",0.14
"TNXB","7.33780002593994","0.299499988555908",0.15
"TOM1","10.6396999359131","-0.483900010585785",0.14
"TOP1","11.332799911499","-0.45890000462532",0.15
"TOP2A","9.72879981994629","-0.472099989652634",0.14
"TOP3B","7.58129978179932","-0.476500004529953",0.14
"TOPBP1","9.84270000457764","-0.479400008916855",0.15
"TOX2","5.7765998840332","-0.164900004863739",0.15
"TP53","10.2154998779297","0.354600012302399",0.15
"TPH2","0","-0.291799992322922",0.15
"TPO","0","0.421700000762939",0.15
"TPR","11.5143995285034","-0.471300005912781",0.13
"TPTE2","0","0.443699985742569",0.16
"TRAF3","7.54349994659424","0.422100007534027",0.12
"TRAF3IP1","8.70049953460693","0.100199997425079",0.15
"TRAF5","7.83179998397827","0.263599991798401",0.14
"TRAF7","10.5937995910645","0.44420000910759",0.13
"TRAK1","9.53829956054688","-0.136600002646446",0.14
"TRAT1","6.05249977111816","0.405299991369247",0.14
"TRIM10","6.5612998008728","-0.00899999961256981",0.15
"TRIM13","9.22719955444336","0.277099996805191",0.14
"TRIM24","8.88309955596924","0.345999985933304",0.15
"TRIM28","11.9587001800537","-0.32030001282692",0.14
"TRIM29","6.01620006561279","0.212400004267693",0.14
"TRIM3","7.31720018386841","-0.405900001525879",0.14
"TRIM6","8.85990047454834","-0.389899998903275",0.14
"TRIO","11.2565002441406","0.064800001680851",0.13
"TRIP6","10.1826000213623","-0.0706999972462654",0.12
"TRPC1","8.93070030212402","-0.444599986076355",0.13
"TRPC3","2.10489988327026","-0.41729998588562",0.14
"TRPC4","5.45690011978149","0.0129000004380941",0.14
"TRPC4AP","11.0274000167847","0.18129999935627",0.14
"TRPC6","6.7052001953125","0.0189999993890524",0.15
"TRPM2","8.48750019073486","0.290399998426437",0.16
"TRPV2","8.8730001449585","-0.25229999423027",0.15
"TRPV6","0.993099987506866","0.246700003743172",0.14
"TRRAP","11.5333003997803","0.389099985361099",0.13
"TSC1","8.94139957427979","0.183200001716614",0.13
"TSC2","10.5618000030518","0.313400000333786",0.14
"TSHR","3.30960011482239","-0.125400006771088",0.15
"TSR1","10.4462995529175","-0.480100005865097",0.14
"TTC21B","8.83530044555664","0.238900005817413",0.14
"TULP4","8.94340038299561","0.442900002002716",0.14
"TXK","5.36740016937256","0.33050000667572",0.13
"TXNDC5","12.4428997039795","0.408499985933304",0.14
"TXNRD1","11.4412002563477","-0.480599999427795",0.14
"TYK2","10.8418998718262","-0.307900011539459",0.16
"UBC","16.122200012207","-0.476999998092651",0.16
"UBE3C","10.9401998519897","-0.476500004529953",0.15
"UBE4B","9.89410018920898","-0.469500005245209",0.15
"UBN1","9.95680046081543","0.408699989318848",0.13
"UBQLN4","9.74390029907227","0.325800001621246",0.14
"UBR1","9.38000011444092","0.0901999995112419",0.14
"UBR4","12.4930000305176","-0.158299997448921",0.14
"UBR5","10.6560001373291","-0.301600009202957",0.13
"UBTF","10.6681003570557","0.284000009298325",0.13
"UBXN7","8.84939956665039","-0.431300014257431",0.14
"UGP2","11.8115997314453","0.437599986791611",0.13
"UHRF1","7.18270015716553","0.370599985122681",0.13
"ULK1","10.1237001419067","0.470499992370605",0.17
"UNC13D","8.04520034790039","-0.356599986553192",0.14
"UNC5B","11.3392000198364","0.163399994373322",0.12
"UNC5C","3.2606999874115","0.390899986028671",0.13
"USO1","11.4677000045776","-0.475499987602234",0.15
"USP1","9.57369995117188","-0.480800002813339",0.14
"USP37","9.32390022277832","-0.476200014352798",0.14
"USP5","10.9603996276855","-0.451599985361099",0.14
"USP7","11.1529998779297","0.467599987983704",0.15
"UTP15","8.02700042724609","-0.460700005292892",0.12
"UTP20","9.74230003356934","-0.466600000858307",0.15
"UTRN","11.3464002609253","0.230800002813339",0.15
"VANGL2","8.04880046844482","-0.482100009918213",0.14
"VAV1","8.70510005950928","0.244699999690056",0.14
"VAV2","10.0128002166748","0.0245999991893768",0.14
"VAV3","10.2874002456665","-0.185100004076958",0.16
"VCAM1","15.3514995574951","-0.114399999380112",0.15
"VCAN","12.9961996078491","-0.0399000011384487",0.14
"VCL","10.7792997360229","0.409799993038177",0.14
"VCP","12.4739999771118","-0.416999995708466",0.15
"VLDLR","9.66569995880127","-0.265599995851517",0.13
"VPS33B","8.01599979400635","-0.478399991989136",0.14
"VWF","14.7566995620728","0.298799991607666",0.15
"WASF1","7.59609985351562","-0.453599989414215",0.13
"WASF2","12.0201997756958","-0.466800004243851",0.13
"WASL","11.5831003189087","0.282900005578995",0.14
"WBP11","10.8938999176025","-0.473399996757507",0.14
"WDHD1","6.95209980010986","-0.439200013875961",0.16
"WDR19","8.83180046081543","-0.268400013446808",0.16
"WDR3","9.49339962005615","-0.477100014686584",0.13
"WDR33","10.0701999664307","-0.0697000026702881",0.14
"WDR35","9.85869979858398","-0.458799988031387",0.15
"WDR75","9.09739971160889","-0.458000004291534",0.15
"WIF1","0","0.433400005102158",0.15
"WNK1","12.0799999237061","0.430900007486343",0.15
"WNK4","8.04100036621094","-0.311100006103516",0.13
"WWC1","12.3225002288818","-0.241300001740456",0.12
"XAB2","9.98200035095215","-0.108199998736382",0.14
"XPO1","11.5641002655029","-0.454299986362457",0.13
"XPO4","9.36270046234131","-0.464700013399124",0.14
"XPO7","10.7981996536255","-0.015599999576807",0.13
"XPOT","10.6309995651245","-0.458499997854233",0.15
"XRCC1","9.72879981994629","-0.47749999165535",0.14
"XRN2","11.4581003189087","-0.48089998960495",0.14
"XYLT1","7.72779989242554","-0.387899994850159",0.15
"ZAP70","7.40700006484985","0.101800002157688",0.14
"ZBP1","5.60120010375977","0.203400000929832",0.14
"ZBTB32","2.21160006523132","0.245199993252754",0.15
"ZC3HAV1","10.0586004257202","0.412200003862381",0.15
"ZFPM2","5.08820009231567","0.37729999423027",0.13
"ZFYVE28","7.47279977798462","0.309300005435944",0.14
"ZIK1","7.22469997406006","-0.406100004911423",0.13
"ZIM3","0","0.326599985361099",0.13
"ZKSCAN1","9.65460014343262","0.212899997830391",0.16
"ZKSCAN5","8.71759986877441","-0.481900006532669",0.15
"ZMYND8","9.83899974822998","-0.377000004053116",0.15
"ZNF114","0.731400012969971","-0.225199997425079",0.13
"ZNF12","10.0432996749878","-0.476099997758865",0.13
"ZNF17","6.78940010070801","-0.38960000872612",0.13
"ZNF200","7.81920003890991","-0.489800006151199",0.14
"ZNF254","8.34109973907471","-0.197899997234344",0.14
"ZNF266","8.53829956054688","-0.420899987220764",0.15
"ZNF274","8.73890018463135","-0.468899995088577",0.13
"ZNF3","9.12419986724854","-0.450100004673004",0.14
"ZNF304","8.53829956054688","-0.255400002002716",0.15
"ZNF317","9.67389965057373","0.417400002479553",0.15
"ZNF324","7.17290019989014","-0.132499992847443",0.15
"ZNF324B","6.81930017471313","0.338499993085861",0.14
"ZNF337","8.69729995727539","-0.472699999809265",0.13
"ZNF350","7.80219984054565","-0.444900006055832",0.15
"ZNF394","8.63969993591309","-0.439099997282028",0.15
"ZNF419","7.57880020141602","-0.483399987220764",0.14
"ZNF420","7.12589979171753","-0.484400004148483",0.15
"ZNF423","6.03079986572266","0.302599996328354",0.16
"ZNF443","6.332200050354","-0.426699995994568",0.17
"ZNF461","6.20879983901978","-0.477899998426437",0.12
"ZNF467","6.85260009765625","-0.326200008392334",0.14
"ZNF471","5.07410001754761","0.143999993801117",0.16
"ZNF480","9.04150009155273","-0.450300008058548",0.13
"ZNF496","7.98250007629395","0.422100007534027",0.15
"ZNF519","5.04549980163574","-0.431499987840652",0.16
"ZNF544","8.27439975738525","-0.428900003433228",0.15
"ZNF549","7.56120014190674","-0.427199989557266",0.13
"ZNF585A","7.33209991455078","-0.48309999704361",0.14
"ZNF592","9.88409996032715","0.266499996185303",0.13
"ZNF606","8.10429954528809","-0.387699991464615",0.14
"ZNF611","8.73560047149658","-0.167199999094009",0.13
"ZNF613","6.7632999420166","-0.465700000524521",0.15
"ZNF616","7.95209980010986","-0.479699999094009",0.13
"ZNF624","6.39580011367798","-0.475400000810623",0.15
"ZNF638","11.1209001541138","-0.448500007390976",0.14
"ZNF678","5.45690011978149","0.39070001244545",0.14
"ZNF687","9.48069953918457","-0.33160001039505",0.13
"ZNF692","7.87099981307983","-0.465999990701675",0.15
"ZNF71","6.91709995269775","-0.219200000166893",0.15
"ZNF710","7.64690017700195","0.226799994707108",0.13
"ZNF716","0","0.427199989557266",0.14
"ZNF74","7.73000001907349","-0.483799993991852",0.13
"ZNF770","9.55930042266846","-0.434899985790253",0.14
"ZNF773","7.33209991455078","-0.456099987030029",0.13
"ZNF786","6.62540006637573","0.418900012969971",0.13
"ZRANB1","9.56490039825439","0.409799993038177",0.14
"ZWILCH","6.95559978485107","-0.403800010681152",0.14
